<?xml version="1.0" encoding="Windows-1252" ?>
<PMML version="2.0">
<DataDictionary noOfFields="13">
    <DataField name="Crime  Rate" optype="continuous"/>
    <DataField name="Residential Land Zone" optype="continuous"/>
    <DataField name="Non-retail Business acres" optype="continuous"/>
    <DataField name="Nitric Oxide" optype="continuous"/>
    <DataField name="Average Rooms" optype="continuous"/>
    <DataField name="Owner Occupied Units" optype="continuous"/>
    <DataField name="Distance to Employment Centers" optype="continuous"/>
    <DataField name="Accessibility to Highways" optype="continuous"/>
    <DataField name="Property Tax Rate" optype="continuous"/>
    <DataField name="Pupil-Teacher Ratio" optype="continuous"/>
    <DataField name="% of Lower Status" optype="continuous"/>
    <DataField name="Charles River" optype="categorical">
        <Value value="0" label="0"/>
        <Value value="1" label="1"/>
    </DataField>
    <DataField name="Value of Occupied Homes" optype="continuous"/>
</DataDictionary>
<SnnNetworkSet
    note=""
    version="6.0"
    numberNetworks="1"
    numberEnsembles="0"
    maxModel="100"
    nextIndex="21"
    useMaximum="true"
    informWhenFull="true"
    informReplace="true"
    informDiscard="true"
    replacementCriterion="diversity"
    replacementPolicy="discard"
    />
<SnnNeuralNetwork
    networktype="GRNN"
    nolayers="4"
    index="19"
    steps="1"
    lookahead="0"
    noInputs="12"
    noOutputs="1"
    noNormInputs="12"
    noNormOutputs="1"
    accept="0.5"
    reject="0.5"
    terror="0.021589672915859833"
    verror="0.06401164440746028"
    xerror="0.057818070515058474"
    tperf="0.19840482518963626"
    vperf="0.57857096749972825"
    xperf="0.53969463973197762"
    errorfn="Sum-squared"
    inputNormFn="None"
    outputNormFn="None"
    note=""
    trainnote="SS"
    lock="false"
    standalone="true"
    useaccept="false"
    classifyup="true"
    hascasetypes="true"
    hasbootstrapweights="false"
>
    <SnnNeuralSchema>
        <SnnNeuralField
            name="Crime  Rate"
            optype="continuous"
            usageType="active"
            conversion="Minimax"
            missing="Mean"
            missingCode="-9999"
            scale="0.019559963415044426"
            shift="-0.00021437719902888693"
            minmean="0"
            maxsd="1"
        />
        <SnnNeuralField
            name="Residential Land Zone"
            optype="continuous"
            usageType="active"
            conversion="Minimax"
            missing="Mean"
            missingCode="-9999"
            scale="0.01"
            shift="0"
            minmean="0"
            maxsd="1"
        />
        <SnnNeuralField
            name="Non-retail Business acres"
            optype="continuous"
            usageType="active"
            conversion="Minimax"
            missing="Mean"
            missingCode="-9999"
            scale="0.037693177534866194"
            shift="-0.045608744817188095"
            minmean="0"
            maxsd="1"
        />
        <SnnNeuralField
            name="Nitric Oxide"
            optype="continuous"
            usageType="active"
            conversion="Minimax"
            missing="Mean"
            missingCode="-9999"
            scale="2.0746887966804977"
            shift="-0.80705394190871371"
            minmean="0"
            maxsd="1"
        />
        <SnnNeuralField
            name="Average Rooms"
            optype="continuous"
            usageType="active"
            conversion="Minimax"
            missing="Mean"
            missingCode="-9999"
            scale="0.21901007446342527"
            shift="-0.90626368812965374"
            minmean="0"
            maxsd="1"
        />
        <SnnNeuralField
            name="Owner Occupied Units"
            optype="continuous"
            usageType="active"
            conversion="Minimax"
            missing="Mean"
            missingCode="-9999"
            scale="0.010660980810234541"
            shift="-0.066098081023454158"
            minmean="0"
            maxsd="1"
        />
        <SnnNeuralField
            name="Distance to Employment Centers"
            optype="continuous"
            usageType="active"
            conversion="Minimax"
            missing="Mean"
            missingCode="-9999"
            scale="0.10480861946086446"
            shift="-0.12253175701169665"
            minmean="0"
            maxsd="1"
        />
        <SnnNeuralField
            name="Accessibility to Highways"
            optype="continuous"
            usageType="active"
            conversion="Minimax"
            missing="Mean"
            missingCode="-9999"
            scale="0.043478260869565216"
            shift="-0.043478260869565216"
            minmean="0"
            maxsd="1"
        />
        <SnnNeuralField
            name="Property Tax Rate"
            optype="continuous"
            usageType="active"
            conversion="Minimax"
            missing="Mean"
            missingCode="-9999"
            scale="0.0019120458891013384"
            shift="-0.35946462715105165"
            minmean="0"
            maxsd="1"
        />
        <SnnNeuralField
            name="Pupil-Teacher Ratio"
            optype="continuous"
            usageType="active"
            conversion="Minimax"
            missing="Mean"
            missingCode="-9999"
            scale="0.11627906976744186"
            shift="-1.4651162790697674"
            minmean="0"
            maxsd="1"
        />
        <SnnNeuralField
            name="% of Lower Status"
            optype="continuous"
            usageType="active"
            conversion="Minimax"
            missing="Mean"
            missingCode="-9999"
            scale="0.028368794326241134"
            shift="-0.04907801418439716"
            minmean="0"
            maxsd="1"
        />
        <SnnNeuralField
            name="Charles River"
            optype="categorical"
            usageType="active"
            conversion="Two-state"
            missing="Mean"
            missingCode="0"
            scale="1"
            shift="0"
            minmean="0"
            maxsd="1"
        >
            <Value value="0"/>
            <Value value="1"/>
        </SnnNeuralField>
        <SnnNeuralField
            name="Value of Occupied Homes"
            optype="continuous"
            usageType="predicted"
            conversion="Mean-SD"
            missing="Mean"
            missingCode="-9999"
            scale="0.011825634354090892"
            shift="-0.26837206341451242"
            minmean="0"
            maxsd="1"
        />
        <SnnMissingValues>
            <Array n="13" type="real">
            3.4641581889763784 9.8287401574803148 11.205905511811007 0.55319566929133857 6.3017637795275601 69.258661417322827 3.7043913385826786 9.5905511811023629
            405.89763779527561 18.422440944881846 12.770236220472441 0.055118110236220472 22.694094488188984
            </Array>
        </SnnMissingValues>
    </SnnNeuralSchema>
    <SnnNeuralLayer
        nounits="12"
        width="1"
        actFn="Linear"
        pspFn="Linear"
        hasClasses="false"
    >
        <SnnNeuralThresholds>
            <Array n="12" type="real">
            0 0 0 0 0 0 0 0
            0 0 0 0
            </Array>
        </SnnNeuralThresholds>
    </SnnNeuralLayer>
    <SnnNeuralLayer
        nounits="254"
        width="1"
        actFn="-Exponential"
        pspFn="Radial"
        hasClasses="false"
    >
        <SnnNeuralThresholds>
            <Array n="254" type="real">
            36.409021479980659 36.409021479980659 36.409021479980659 36.409021479980659 36.409021479980659 36.409021479980659 36.409021479980659 36.409021479980659
            36.409021479980659 36.409021479980659 36.409021479980659 36.409021479980659 36.409021479980659 36.409021479980659 36.409021479980659 36.409021479980659
            36.409021479980659 36.409021479980659 36.409021479980659 36.409021479980659 36.409021479980659 36.409021479980659 36.409021479980659 36.409021479980659
            36.409021479980659 36.409021479980659 36.409021479980659 36.409021479980659 36.409021479980659 36.409021479980659 36.409021479980659 36.409021479980659
            36.409021479980659 36.409021479980659 36.409021479980659 36.409021479980659 36.409021479980659 36.409021479980659 36.409021479980659 36.409021479980659
            36.409021479980659 36.409021479980659 36.409021479980659 36.409021479980659 36.409021479980659 36.409021479980659 36.409021479980659 36.409021479980659
            36.409021479980659 36.409021479980659 36.409021479980659 36.409021479980659 36.409021479980659 36.409021479980659 36.409021479980659 36.409021479980659
            36.409021479980659 36.409021479980659 36.409021479980659 36.409021479980659 36.409021479980659 36.409021479980659 36.409021479980659 36.409021479980659
            36.409021479980659 36.409021479980659 36.409021479980659 36.409021479980659 36.409021479980659 36.409021479980659 36.409021479980659 36.409021479980659
            36.409021479980659 36.409021479980659 36.409021479980659 36.409021479980659 36.409021479980659 36.409021479980659 36.409021479980659 36.409021479980659
            36.409021479980659 36.409021479980659 36.409021479980659 36.409021479980659 36.409021479980659 36.409021479980659 36.409021479980659 36.409021479980659
            36.409021479980659 36.409021479980659 36.409021479980659 36.409021479980659 36.409021479980659 36.409021479980659 36.409021479980659 36.409021479980659
            36.409021479980659 36.409021479980659 36.409021479980659 36.409021479980659 36.409021479980659 36.409021479980659 36.409021479980659 36.409021479980659
            36.409021479980659 36.409021479980659 36.409021479980659 36.409021479980659 36.409021479980659 36.409021479980659 36.409021479980659 36.409021479980659
            36.409021479980659 36.409021479980659 36.409021479980659 36.409021479980659 36.409021479980659 36.409021479980659 36.409021479980659 36.409021479980659
            36.409021479980659 36.409021479980659 36.409021479980659 36.409021479980659 36.409021479980659 36.409021479980659 36.409021479980659 36.409021479980659
            36.409021479980659 36.409021479980659 36.409021479980659 36.409021479980659 36.409021479980659 36.409021479980659 36.409021479980659 36.409021479980659
            36.409021479980659 36.409021479980659 36.409021479980659 36.409021479980659 36.409021479980659 36.409021479980659 36.409021479980659 36.409021479980659
            36.409021479980659 36.409021479980659 36.409021479980659 36.409021479980659 36.409021479980659 36.409021479980659 36.409021479980659 36.409021479980659
            36.409021479980659 36.409021479980659 36.409021479980659 36.409021479980659 36.409021479980659 36.409021479980659 36.409021479980659 36.409021479980659
            36.409021479980659 36.409021479980659 36.409021479980659 36.409021479980659 36.409021479980659 36.409021479980659 36.409021479980659 36.409021479980659
            36.409021479980659 36.409021479980659 36.409021479980659 36.409021479980659 36.409021479980659 36.409021479980659 36.409021479980659 36.409021479980659
            36.409021479980659 36.409021479980659 36.409021479980659 36.409021479980659 36.409021479980659 36.409021479980659 36.409021479980659 36.409021479980659
            36.409021479980659 36.409021479980659 36.409021479980659 36.409021479980659 36.409021479980659 36.409021479980659 36.409021479980659 36.409021479980659
            36.409021479980659 36.409021479980659 36.409021479980659 36.409021479980659 36.409021479980659 36.409021479980659 36.409021479980659 36.409021479980659
            36.409021479980659 36.409021479980659 36.409021479980659 36.409021479980659 36.409021479980659 36.409021479980659 36.409021479980659 36.409021479980659
            36.409021479980659 36.409021479980659 36.409021479980659 36.409021479980659 36.409021479980659 36.409021479980659 36.409021479980659 36.409021479980659
            36.409021479980659 36.409021479980659 36.409021479980659 36.409021479980659 36.409021479980659 36.409021479980659 36.409021479980659 36.409021479980659
            36.409021479980659 36.409021479980659 36.409021479980659 36.409021479980659 36.409021479980659 36.409021479980659 36.409021479980659 36.409021479980659
            36.409021479980659 36.409021479980659 36.409021479980659 36.409021479980659 36.409021479980659 36.409021479980659 36.409021479980659 36.409021479980659
            36.409021479980659 36.409021479980659 36.409021479980659 36.409021479980659 36.409021479980659 36.409021479980659 36.409021479980659 36.409021479980659
            36.409021479980659 36.409021479980659 36.409021479980659 36.409021479980659 36.409021479980659 36.409021479980659
            </Array>
        </SnnNeuralThresholds>
        <SnnNeuralWeights>
            <Array n="12" type="real">
            0.00031980540183597649 0 0.22088202035431589 0.1659751037344398 0.5 0.77505330490405122 0.39806313671236321 0.043478260869565216
            0.10325047801147225 0.60465116279069786 0.21021276595744681 0
            </Array>
            <Array n="12" type="real">
            0.00031941420256767554 0 0.22088202035431589 0.1659751037344398 0.66732369689005666 0.58528784648187637 0.39806313671236321 0.043478260869565216
            0.10325047801147225 0.60465116279069786 0.065248226950354621 0
            </Array>
            <Array n="12" type="real">
            0.00041877881671610135 0 0.036562382208820209 0.14315352697095429 0.62636881296539637 0.42217484008528783 0.51283905588395595 0.086956521739130432
            0.065009560229445484 0.70930232558139528 0.034326241134751766 0
            </Array>
            <Array n="12" type="real">
            0.0011362382747799309 0 0.036562382208820209 0.14315352697095429 0.65900131406044671 0.51172707889125801 0.51283905588395595 0.086956521739130432
            0.065009560229445484 0.70930232558139528 0.10212765957446807 0
            </Array>
            <Array n="12" type="real">
            0.00036948770891018923 0 0.036562382208820209 0.14315352697095429 0.50197109067017065 0.55970149253731349 0.51283905588395595 0.086956521739130432
            0.065009560229445484 0.70930232558139528 0.098723404255319142 0
            </Array>
            <Array n="12" type="real">
            0.0015125719708853861 0.125 0.25103656238220889 0.28008298755186711 0.41042487954445894 0.64392324093816622 0.46025657150044025 0.17391304347826086
            0.23518164435946454 0.30232558139534871 0.30354609929078014 0
            </Array>
            <Array n="12" type="real">
            0.0031115989800652674 0.125 0.25103656238220889 0.28008298755186711 0.40867279894875153 0.84968017057569301 0.5683771433362681 0.17391304347826086
            0.23518164435946454 0.30232558139534871 0.43602836879432627 0
            </Array>
            <Array n="12" type="real">
            0.0041844629733804543 0.125 0.25103656238220889 0.28008298755186711 0.4903635567236091 0.93923240938166308 0.54265710812057188 0.17391304347826086
            0.23518164435946454 0.30232558139534871 0.53106382978723399 0
            </Array>
            <Array n="12" type="real">
            0.012103705361229492 0 0.26121372031662277 0.3091286307053942 0.39662724485326306 0.59275053304904046 0.37085481910032275 0.13043478260869565
            0.22753346080305925 0.97674418604651159 0.18524822695035459 0
            </Array>
            <Array n="12" type="real">
            0.012057348247935838 0 0.26121372031662277 0.3091286307053942 0.3714410862899693 0.53624733475479747 0.3489602984949482 0.13043478260869565
            0.22753346080305925 0.97674418604651159 0.19120567375886527 0
            </Array>
            <Array n="12" type="real">
            0.020400455042988888 0 0.26121372031662277 0.3091286307053942 0.39356110381077536 0.2462686567164179 0.3489602984949482 0.13043478260869565
            0.22753346080305925 0.97674418604651159 0.13758865248226951 0
            </Array>
            <Array n="12" type="real">
            0.015124546111048952 0 0.26121372031662277 0.3091286307053942 0.4056066579062636 0.80490405117270791 0.32373286379071814 0.13043478260869565
            0.22753346080305925 0.97674418604651159 0.36709219858156028 0
            </Array>
            <Array n="12" type="real">
            0.015486601033861425 0 0.26121372031662277 0.3091286307053942 0.28865527814279468 0.32409381663113007 0.27537416677147525 0.13043478260869565
            0.22753346080305925 0.97674418604651159 0.2825531914893617 0
            </Array>
            <Array n="12" type="real">
            0.024270589404289576 0 0.26121372031662277 0.3091286307053942 0.31362242663162498 0.97974413646055436 0.2755208988387205 0.13043478260869565
            0.22753346080305925 0.97674418604651159 0.54723404255319141 0
            </Array>
            <Array n="12" type="real">
            0.016451494029125571 0 0.26121372031662277 0.3091286307053942 0.4001314060446779 0.88486140724946694 0.29799186685112977 0.13043478260869565
            0.22753346080305925 0.97674418604651159 0.34326241134751773 0
            </Array>
            <Array n="12" type="real">
            0.014460680952742345 0 0.26121372031662277 0.3091286307053942 0.39115199299167758 0.93710021321961623 0.3385842451683227 0.13043478260869565
            0.22753346080305925 0.97674418604651159 0.41333333333333333 0
            </Array>
            <Array n="12" type="real">
            0.016226554449852559 0 0.26121372031662277 0.3091286307053942 0.31997371879106429 0.84754797441364604 0.34434871923867016 0.13043478260869565
            0.22753346080305925 0.97674418604651159 0.41929078014184401 0
            </Array>
            <Array n="12" type="real">
            0.018480449034168126 0 0.26121372031662277 0.3091286307053942 0.41809023215067875 0.88059701492537312 0.34422294889531718 0.13043478260869565
            0.22753346080305925 0.97674418604651159 0.44113475177304967 0
            </Array>
            <Array n="12" type="real">
            0.021904225030337503 0 0.26121372031662277 0.3091286307053942 0.34494086727989481 0.93710021321961623 0.32112312916614255 0.13043478260869565
            0.22753346080305925 0.97674418604651159 0.59205673758865252 0
            </Array>
            <Array n="12" type="real">
            0.0010407856533145143 0 0.17904259329061442 0.22821576763485463 0.39312308366184845 0.66098081023454158 0.2296566469626462 0.17391304347826086
            0.17399617590822181 0.76744186046511631 0.22553191489361701 0
            </Array>
            <Array n="12" type="real">
            0.0016915456361330425 0 0.17904259329061442 0.22821576763485463 0.37297415681121326 0.58848614072494665 0.23150127866515741 0.17391304347826086
            0.17399617590822181 0.76744186046511631 0.27460992907801418 0
            </Array>
            <Array n="12" type="real">
            0.0025533576241998993 0 0.21485111194873732 0.12240663900414939 0.44480946123521692 0.0042643923240938131 0.47706787406196288 0.086956521739130432
            0.086042065009560187 0.61627906976744162 0.11574468085106385 0
            </Array>
            <Array n="12" type="real">
            0.0021854347123629139 0 0.21485111194873732 0.12240663900414939 0.42290845378887409 0.36034115138592748 0.47706787406196288 0.086956521739130432
            0.086042065009560187 0.61627906976744162 0.22184397163120567 0
            </Array>
            <Array n="12" type="real">
            0.0034699375098288816 0 0.21485111194873732 0.12240663900414939 0.3609286027157248 0.28891257995735603 0.41203412568649639 0.086956521739130432
            0.086042065009560187 0.61627906976744162 0.35234042553191491 0
            </Array>
            <Array n="12" type="real">
            0.0042701356131383487 0 0.21485111194873732 0.12240663900414939 0.41436706088480069 0.84541577825159908 0.47376640254894559 0.086956521739130432
            0.086042065009560187 0.61627906976744162 0.48425531914893616 0
            </Array>
            <Array n="12" type="real">
            0.00063393841428159006 0.20999999999999999 0.16698077647945725 0.10373443983402486 0.43298291721419191 0.6055437100213219 0.59170754202825648 0.13043478260869565
            0.10516252390057357 0.48837209302325602 0.21843971631205672 0
            </Array>
            <Array n="12" type="real">
            0.0008340368400174946 0.20999999999999999 0.16698077647945725 0.10373443983402486 0.51971090670170828 0.15884861407249468 0.59170754202825648 0.13043478260869565
            0.10516252390057357 0.48837209302325602 0.10070921985815603 0
            </Array>
            <Array n="12" type="real">
            0.00075990457867447622 0.20999999999999999 0.16698077647945725 0.10373443983402486 0.40735873850197102 0.16204690831556501 0.59170754202825648 0.13043478260869565
            0.10516252390057357 0.48837209302325602 0.19007092198581557 0
            </Array>
            <Array n="12" type="real">
            5.1638303415717311e-005 0.75 0.10516396532227668 0.043568464730290413 0.38326763031099431 0.44136460554371004 0.64463589485599304 0.086956521739130432
            0.53728489483747599 0.98837209302325579 0.37078014184397162 0
            </Array>
            <Array n="12" type="real">
            4.2053921342345528e-005 0.90000000000000002 0.00037693177534866423 0.029045643153526868 0.681340341655716 0.16737739872068227 0.78894688299165727 0.17391304347826086
            0.072657743785850826 0.61627906976744162 0.087375886524822699 0
            </Array>
            <Array n="12" type="real">
            6.5721477074549275e-005 1 0.0041462495288352857 0.045643153526970903 0.58650897941305291 0.36567164179104478 0.7499790382761079 0.17391304347826086
            0.13001912045889097 0.29069767441860472 0.062978723404255338 0
            </Array>
            <Array n="12" type="real">
            0.0018057758224769018 0.25 0.14775725593667546 0.13278008298755173 0.39180902321506772 0.43710021321961623 0.60400159309101586 0.30434782608695654
            0.18355640535372841 0.82558139534883734 0.2124822695035461 0
            </Array>
            <Array n="12" type="real">
            0.0019424999667480623 0.25 0.14775725593667546 0.13278008298755173 0.50766535260621981 0.65671641791044777 0.63476292290277958 0.30434782608695654
            0.18355640535372841 0.82558139534883734 0.14184397163120568 0
            </Array>
            <Array n="12" type="real">
            0.0022599581729742329 0.25 0.14775725593667546 0.13278008298755173 0.57468243539202812 0.39658848614072495 0.7139353540435166 0.30434782608695654
            0.18355640535372841 0.82558139534883734 0.22042553191489361 0
            </Array>
            <Array n="12" type="real">
            0.00016723768719862985 0.17500000000000002 0.0064078401809272573 0.056224066390041405 0.64958388085851948 0.56823027718550101 0.84410765941391019 0.086956521739130432
            0.053537284894837445 0.69767441860465151 0.17929078014184399 0
            </Array>
            <Array n="12" type="real">
            0.00048665188976630534 0.80000000000000004 0.081417263475310975 0.018672199170124526 0.47130968024529118 0.12366737739872069 0.5704104305538088 0.13043478260869565
            0.28489483747609934 0.40697674418604679 0.08340425531914894 0
            </Array>
            <Array n="12" type="real">
            0.0024367802422462347 0.125 0.18318884281944972 0.041493775933609922 0.31887866841874724 0.32622601279317692 0.55851465224500074 0.13043478260869565
            0.30019120458891013 0.73255813953488369 0.32226950354609929 0
            </Array>
            <Array n="12" type="real">
            0.0015780978483257847 0 0.3618545043347155 0.049792531120331884 0.4220324134910205 0.017057569296375266 0.43162285666373207 0.13043478260869565
            0.2237093690248565 0.76744186046511631 0.10751773049645388 0
            </Array>
            <Array n="12" type="real">
            0.0036074440526366438 0 0.3618545043347155 0.049792531120331884 0.46145422689443705 0 0.43162285666373207 0.13043478260869565
            0.2237093690248565 0.76744186046511631 0.16482269503546099 0
            </Array>
            <Array n="12" type="real">
            0.0016461665210101397 0 0.43799472295514519 0.09958506224066388 0.47043363994743737 0.4136460554371002 0.34937953297279167 0.17391304347826086
            0.40152963671128106 0.70930232558139528 0.20453900709219858 0
            </Array>
            <Array n="12" type="real">
            0.0017715458865005739 0 0.43799472295514519 0.09958506224066388 0.4689005694261934 0.72814498933901917 0.30217373076761833 0.17391304347826086
            0.40152963671128106 0.70930232558139528 0.29049645390070922 0
            </Array>
            <Array n="12" type="real">
            0.00088997833538452141 0 0.43799472295514519 0.09958506224066388 0.45860709592641258 0.50639658848614078 0.40298914182702389 0.17391304347826086
            0.40152963671128106 0.70930232558139528 0.30099290780141841 0
            </Array>
            <Array n="12" type="real">
            0.00059012409623189054 0.25 0.13758009800226162 0.076763485477178373 0.56701708278580809 0.29104477611940299 0.44350815411059402 0.13043478260869565
            0.17782026768642445 0.7441860465116279 0.10099290780141842 0
            </Array>
            <Array n="12" type="real">
            0.0006583883685503957 0.25 0.13758009800226162 0.076763485477178373 0.54336399474375807 0.68443496801705761 0.44350815411059402 0.13043478260869565
            0.17782026768642445 0.7441860465116279 0.15574468085106383 0
            </Array>
            <Array n="12" type="real">
            0.00050132186232758878 0.25 0.13758009800226162 0.076763485477178373 0.4739378011388522 0.27718550106609813 0.44350815411059402 0.13043478260869565
            0.17782026768642445 0.7441860465116279 0.14156028368794324 0
            </Array>
            <Array n="12" type="real">
            0.00048019710183934075 0.25 0.13758009800226162 0.076763485477178373 0.44437144108628979 0.43176972281449894 0.44350815411059402 0.13043478260869565
            0.17782026768642445 0.7441860465116279 0.16397163120567373 0
            </Array>
            <Array n="12" type="real">
            0.00080039370294361818 0 0.12363362231436112 0.12448132780082988 0.41108190976784909 0.41471215351812368 0.34147696306544251 0.086956521739130432
            0.11281070745697891 0.68604651162790686 0.31574468085106377 0
            </Array>
            <Array n="12" type="real">
            0.00055472056245066013 0 0.082924990576705632 0.20746887966804972 0.49649583880858517 0.7217484008528785 0.20154697522324233 0.043478260869565216
            0.15678776290630969 0.60465116279069786 0.18354609929078011 0
            </Array>
            <Array n="12" type="real">
            0.00062552763001312074 0.28000000000000003 0.52129664530719944 0.15560165975103724 0.46233026719229064 0.75799573560767586 0.2563514023393284 0.13043478260869565
            0.15678776290630969 0.65116279069767424 0.25134751773049646 0
            </Array>
            <Array n="12" type="real">
            0.002035800992237824 0 0.063324538258575203 0.11618257261410792 0.44349540078843619 0.67590618336886987 0.24379532972791684 0.043478260869565216
            0.16826003824091773 0.62790697674418627 0.27262411347517729 0
            </Array>
            <Array n="12" type="real">
            0.0021490531804109311 0 0.063324538258575203 0.11618257261410792 0.86092860271572502 0.74413646055437099 0.24379532972791684 0.043478260869565216
            0.16826003824091773 0.62790697674418627 0.070354609929078021 0
            </Array>
            <Array n="12" type="real">
            0.0011274362912431612 0 0.063324538258575203 0.11618257261410792 0.71791502409110808 0.60021321961620466 0.24379532972791684 0.043478260869565216
            0.16826003824091773 0.62790697674418627 0.12652482269503545 0
            </Array>
            <Array n="12" type="real">
            0.0026934069622516175 0 0.27704485488126657 0.27178423236514515 0.56701708278580809 0.78571428571428581 0.16860562612669266 0.17391304347826086
            0.37476099426386222 0.96511627906976738 0.21815602836879433 0
            </Array>
            <Array n="12" type="real">
            0.0042601600317966762 0 0.27704485488126657 0.27178423236514515 0.49649583880858517 0.84434968017057577 0.16199220223871214 0.17391304347826086
            0.37476099426386222 0.96511627906976738 0.25248226950354613 0
            </Array>
            <Array n="12" type="real">
            0.0039247066592286639 0 0.27704485488126657 0.27178423236514515 0.43780113885238725 0.86567164179104483 0.16199220223871214 0.17391304347826086
            0.37476099426386222 0.96511627906976738 0.33219858156028365 0
            </Array>
            <Array n="12" type="real">
            0.0025161936937113149 0 0.27704485488126657 0.27178423236514515 0.44437144108628979 0.89339019189765456 0.13120991070305621 0.17391304347826086
            0.37476099426386222 0.96511627906976738 0.30070921985815602 0
            </Array>
            <Array n="12" type="real">
            0.003134288537626719 0 0.27704485488126657 0.27178423236514515 0.37187910643889621 0.9136460554371002 0.10920010061627465 0.17391304347826086
            0.37476099426386222 0.96511627906976738 0.48028368794326237 0
            </Array>
            <Array n="12" type="real">
            0.0021971706904119408 0 0.33169996230682253 0.32780082987551862 0.38874288217258002 0.92430703624733479 0.1241248480275018 0.21739130434782608
            0.46653919694072654 0.60465116279069786 0.41078014184397166 0
            </Array>
            <Array n="12" type="real">
            0.0025692011945660856 0 0.33169996230682253 0.32780082987551862 0.4634253175646077 0.83155650319829422 0.11396889280174401 0.21739130434782608
            0.46653919694072654 0.60465116279069786 0.24737588652482267 0
            </Array>
            <Array n="12" type="real">
            0.0031370269325048253 0 0.33169996230682253 0.32780082987551862 0.39202803328953117 0.87420042643923246 0.13562235358235858 0.21739130434782608
            0.46653919694072654 0.60465116279069786 0.39801418439716307 0
            </Array>
            <Array n="12" type="real">
            0.0026171231049329446 0 0.33169996230682253 0.32780082987551862 0.34888304862023656 0.62899786780383793 0.16665618580472052 0.21739130434782608
            0.46653919694072654 0.60465116279069786 0.33702127659574466 0
            </Array>
            <Array n="12" type="real">
            0.0011870941796590464 0 0.9212212589521297 0.39834024896265552 0.40867279894875153 0.83049040511727068 0.10777470339160693 0.043478260869565216
            -5.5511151231257827e-017 0.7558139534883721 0.35574468085106381 0
            </Array>
            <Array n="12" type="real">
            0.002727050099325494 0 0.9212212589521297 0.39834024896265552 0.37625930792816464 0.96801705756929635 0.081258122668008206 0.043478260869565216
            -5.5511151231257827e-017 0.7558139534883721 0.67177304964539009 0
            </Array>
            <Array n="12" type="real">
            0.0017120835977188394 0 0.9212212589521297 0.39834024896265552 0.38129653964082344 0.9552238805970148 0.087745776212635726 0.043478260869565216
            -5.5511151231257827e-017 0.7558139534883721 0.44964539007092191 0
            </Array>
            <Array n="12" type="real">
            0.0030916478173819224 0 0.9212212589521297 0.39834024896265552 0.40473061760840978 0.87633262260127931 0.086341340711860157 0.043478260869565216
            -5.5511151231257827e-017 0.7558139534883721 0.37106382978723407 0
            </Array>
            <Array n="12" type="real">
            0.0073621746297885728 0 0.9212212589521297 0.39834024896265552 0.32303985983355243 0.95309168443496795 0.061637949104934406 0.043478260869565216
            -5.5511151231257827e-017 0.7558139534883721 0.72425531914893615 0
            </Array>
            <Array n="12" type="real">
            0.0048545873199798755 0 0.77949491142103289 0.48755186721991706 0.34056066579062638 0.95735607675906187 0.064897497170167281 0.13043478260869565
            0.47609942638623326 1 0.43858156028368794 0
            </Array>
            <Array n="12" type="real">
            0.0061510216951290216 0 0.77949491142103289 0.48755186721991706 0.5021901007446341 0.98720682302771845 0.06743386576112019 0.13043478260869565
            0.47609942638623326 1 0.38751773049645388 0
            </Array>
            <Array n="12" type="real">
            0.017022840560479015 0 0.77949491142103289 0.48755186721991706 0.32829610162067469 0.943496801705757 0.084978828658868896 0.13043478260869565
            0.47609942638623326 1 0.47120567375886524 0
            </Array>
            <Array n="12" type="real">
            0.011326979214018078 0 0.77949491142103289 0.48755186721991706 0.48926850635129204 0.97761194029850751 0.12139982392151928 0.13043478260869565
            0.47609942638623326 1 0.26638297872340422 0
            </Array>
            <Array n="12" type="real">
            0.0066771847109937162 0 0.77949491142103289 0.48755186721991706 0.5072273324572929 0.98294243070362475 0.071343227267010437 0.13043478260869565
            0.47609942638623326 1 0.364822695035461 0
            </Array>
            <Array n="12" type="real">
            0.010436414079731103 0 0.77949491142103289 0.48755186721991706 0.44086727989487495 0.97761194029850751 0.052362386282647902 0.13043478260869565
            0.47609942638623326 1 0.47460992907801414 0
            </Array>
            <Array n="12" type="real">
            0.0054756161584075371 0 0.77949491142103289 0.48755186721991706 0.44590451160753397 0.93176972281449888 0.046409256697270793 0.13043478260869565
            0.47609942638623326 1 0.63631205673758862 0
            </Array>
            <Array n="12" type="real">
            0.031641761617249076 0 0.77949491142103289 0.48755186721991706 0.19294787560227777 1 0.028329769840271649 0.13043478260869565
            0.47609942638623326 1 0.92709219858156011 0
            </Array>
            <Array n="12" type="real">
            0.04632542615292292 0 0.69242367131549187 1 0.43626806833114307 1 0.026202154865216112 0.17391304347826086
            0.41108986615678766 0.2441860465116279 0.73957446808510641 0
            </Array>
            <Array n="12" type="real">
            0.041938321958562605 0 0.69242367131549187 1 0.32632501095050359 1 0.036420995262650399 0.17391304347826086
            0.41108986615678766 0.2441860465116279 0.42326241134751769 0
            </Array>
            <Array n="12" type="real">
            0.04611574334511364 0 0.69242367131549187 1 0.17257993867717913 0.95415778251599148 0.030572674296734173 0.17391304347826086
            0.41108986615678766 0.2441860465116279 0.78865248226950357 0
            </Array>
            <Array n="12" type="real">
            0.053261975978800127 0 0.69242367131549187 1 0.3195356986421376 0.94562899786780386 0.037374753699744259 0.17391304347826086
            0.41108986615678766 0.2441860465116279 0.55943262411347516 0
            </Array>
            <Array n="12" type="real">
            0.032188658194333711 0 0.69242367131549187 1 0.43451598773543565 0.97121535181236673 0.047048589275982058 0.17391304347826086
            0.41108986615678766 0.2441860465116279 0.3509219858156028 0
            </Array>
            <Array n="12" type="real">
            0.02905358725817039 0 0.69242367131549187 1 0.27726675427069636 1 0.044281641722215256 0.17391304347826086
            0.41108986615678766 0.2441860465116279 0.32765957446808508 0
            </Array>
            <Array n="12" type="real">
            0.028408890864010525 0 0.69242367131549187 0.44813278008298751 0.73390275952693806 0.90191897654584219 0.084035551083721113 0.17391304347826086
            0.41108986615678766 0.2441860465116279 0 0
            </Array>
            <Array n="12" type="real">
            0.035654096912577135 0 0.69242367131549187 0.44813278008298751 0.80245291283399012 0.9808102345415779 0.091351192722089483 0.17391304347826086
            0.41108986615678766 0.2441860465116279 0.0053900709219858178 1
            </Array>
            <Array n="12" type="real">
            0.043646102364330135 0 0.69242367131549187 0.44813278008298751 0.37582128777923773 0.91257995735607667 0.13131471932251709 0.17391304347826086
            0.41108986615678766 0.2441860465116279 0.28113475177304964 0
            </Array>
            <Array n="12" type="real">
            0.056978955826561012 0 0.69242367131549187 0.44813278008298751 0.42991677617170376 0.92537313432835822 0.11678824466524125 0.17391304347826086
            0.41108986615678766 0.2441860465116279 0.22921985815602836 0
            </Array>
            <Array n="12" type="real">
            0.039104865658259269 0 0.69242367131549187 0.44813278008298751 0.83026719229084534 0.95948827292110872 0.091896197543285971 0.17391304347826086
            0.41108986615678766 0.2441860465116279 0.055886524822695037 0
            </Array>
            <Array n="12" type="real">
            0.034999033737807293 0 0.69242367131549187 0.44813278008298751 0.38085851949189653 0.7782515991471215 0.13172347293841441 0.17391304347826086
            0.41108986615678766 0.2441860465116279 0.29531914893617023 0
            </Array>
            <Array n="12" type="real">
            0.044781362640939314 0 0.69242367131549187 0.44813278008298751 0.47766097240473049 0.95842217484008518 0.097566343856118745 0.17391304347826086
            0.41108986615678766 0.2441860465116279 0.26581560283687938 0
            </Array>
            <Array n="12" type="real">
            0.045045422147042415 0 0.69242367131549187 0.44813278008298751 0.38151554971528689 0.97121535181236673 0.1278245922944703 0.17391304347826086
            0.41108986615678766 0.2441860465116279 0.29219858156028367 0
            </Array>
            <Array n="12" type="real">
            0.0025071961105403947 0 0.10704862419901998 0.25103734439834002 0.31406044678055189 0.87739872068230274 0.14956189997065356 0.17391304347826086
            0.20650095602294449 0.4651162790697676 0.36765957446808506 0
            </Array>
            <Array n="12" type="real">
            0.001580836243203891 0 0.10704862419901998 0.25103734439834002 0.49890494962768295 0.83049040511727068 0.15482329266758899 0.17391304347826086
            0.20650095602294449 0.4651162790697676 0.20737588652482264 0
            </Array>
            <Array n="12" type="real">
            0.001437852910639916 0 0.10704862419901998 0.25103734439834002 0.37691633815155501 0.66631130063965882 0.16065065190961303 0.17391304347826086
            0.20650095602294449 0.4651162790697676 0.2243971631205674 0
            </Array>
            <Array n="12" type="real">
            0.0010847955709983642 0 0.10704862419901998 0.25103734439834002 0.59614542268944359 0.72707889125799574 0.18301681130256153 0.17391304347826086
            0.20650095602294449 0.4651162790697676 0.14723404255319147 0
            </Array>
            <Array n="12" type="real">
            0.0010742331907542401 0 0.047116471918582738 0.20539419087136923 0.79434954007884362 0.82196162046908305 0.16474866893053286 0.086956521739130432
            0.0095602294455066628 0.60465116279069786 0.16539007092198582 0
            </Array>
            <Array n="12" type="real">
            0.0011329130809993734 0 0.047116471918582738 0.20539419087136923 0.43933420937363121 0.59701492537313439 0.14975055548568311 0.086956521739130432
            0.0095602294455066628 0.60465116279069786 0.21900709219858155 0
            </Array>
            <Array n="12" type="real">
            0.0017431839395487595 0 0.047116471918582738 0.20539419087136923 0.53109943057380615 0.95309168443496795 0.17585838259338449 0.086956521739130432
            0.0095602294455066628 0.60465116279069786 0.11205673758865248 0
            </Array>
            <Array n="12" type="real">
            0.0014106645614930043 0 0.047116471918582738 0.20539419087136923 0.32106876916338156 0.8912579957356076 0.19062591707542026 0.086956521739130432
            0.0095602294455066628 0.60465116279069786 0.3475177304964539 0
            </Array>
            <Array n="12" type="real">
            0.00088137195148190188 0 0.047116471918582738 0.20539419087136923 0.80880420499342964 0.50533049040511724 0.21277197836750095 0.086956521739130432
            0.0095602294455066628 0.60465116279069786 0.077163120567375898 0
            </Array>
            <Array n="12" type="real">
            0.001325969919905862 0.45000000000000001 0.084055785902751617 0.09958506224066388 0.57906263688129633 0.3720682302771855 0.27454617867773445 0.17391304347826086
            0.40152963671128106 0.30232558139534871 0.1404255319148936 0
            </Array>
            <Array n="12" type="real">
            0.0022460705989495516 0.45000000000000001 0.084055785902751617 0.09958506224066388 0.52956636005256241 0.24413646055437099 0.35609776548023309 0.17391304347826086
            0.40152963671128106 0.30232558139534871 0.080283687943262405 0
            </Array>
            <Array n="12" type="real">
            0.0015593202834473421 0.45000000000000001 0.084055785902751617 0.09958506224066388 0.61607533946561532 0.16311300639658849 0.55660713537081297 0.17391304347826086
            0.40152963671128106 0.30232558139534871 0.095602836879432607 0
            </Array>
            <Array n="12" type="real">
            6.7090674513602371e-005 0.59999999999999998 0.06483226535996986 0.024896265560165887 0.54007884362680669 0.13432835820895522 0.52933593258709599 0
            0.14722753346080297 0.34883720930232553 0.075177304964539005 0
            </Array>
            <Array n="12" type="real">
            0.00057017293354854519 0.80000000000000004 0.011684885035808522 0.031120331950207358 0.68966272448532617 0.29744136460554371 0.64351444262776181 0.043478260869565216
            0.26959847036328866 0 0.06666666666666668 0
            </Array>
            <Array n="12" type="real">
            0.00052264222244998706 0.80000000000000004 0.011684885035808522 0.031120331950207358 0.6868155935173017 0.34221748400852875 0.64351444262776181 0.043478260869565216
            0.26959847036328866 0 0.13872340425531915 0
            </Array>
            <Array n="12" type="real">
            0.00040176164854501261 0.95000000000000007 0.0098002261590652076 0.029045643153526868 0.62133158125273735 0.097014925373134331 0.67961053117008352 0.086956521739130432
            0.40917782026768634 0.51162790697674421 0.080283687943262405 0
            </Array>
            <Array n="12" type="real">
            0.00013339895049060301 0.95000000000000007 0.0098002261590652076 0.029045643153526868 0.65637319316688547 0.082089552238805957 0.67961053117008352 0.086956521739130432
            0.40917782026768634 0.51162790697674421 0.077163120567375898 0
            </Array>
            <Array n="12" type="real">
            0.00045946354061939372 0.82500000000000007 0.030908405578590266 0.053941908713692865 0.44327639071397273 0.34328358208955223 0.53461828700792358 0.043478260869565216
            0.3059273422562141 0.2441860465116279 0.16170212765957445 0
            </Array>
            <Array n="12" type="real">
            0.00021144320451663032 0.82500000000000007 0.030908405578590266 0.053941908713692865 0.76040297853701255 0.10127931769722814 0.53461828700792358 0.043478260869565216
            0.3059273422562141 0.2441860465116279 0.039148936170212763 0
            </Array>
            <Array n="12" type="real">
            0.0024539930100514738 0 0.3535620052770449 0.20746887966804972 0.38392466053438445 0.17164179104477612 0.29098017020919803 0.13043478260869565
            0.17017208413001905 0.69767441860465151 0.25929078014184398 0
            </Array>
            <Array n="12" type="real">
            0.0047145379819281573 0 0.3535620052770449 0.20746887966804972 0.36027157249233466 0.70895522388059706 0.33389929987842198 0.13043478260869565
            0.17017208413001905 0.69767441860465151 0.46326241134751767 0
            </Array>
            <Array n="12" type="real">
            0.0071358658530765087 0 0.3535620052770449 0.20746887966804972 0.27726675427069636 0.87846481876332616 0.26159183331237162 0.13043478260869565
            0.17017208413001905 0.69767441860465151 0.63120567375886527 1
            </Array>
            <Array n="12" type="real">
            0.0025341888600531556 0 0.3535620052770449 0.20746887966804972 0.48992553657468241 0.2782515991471215 0.29098017020919803 0.13043478260869565
            0.17017208413001905 0.69767441860465151 0.21702127659574472 0
            </Array>
            <Array n="12" type="real">
            0.0054492102077972268 0 0.3535620052770449 0.20746887966804972 0.27901883486640378 0.038379530916844359 0.25346916530415459 0.13043478260869565
            0.17017208413001905 0.69767441860465151 0.78921985815602835 0
            </Array>
            <Array n="12" type="real">
            0.0036588867564182107 0 0.3535620052770449 0.20746887966804972 0.44765659220324139 0.38592750533049036 0.29098017020919803 0.13043478260869565
            0.17017208413001905 0.69767441860465151 0.21957446808510639 0
            </Array>
            <Array n="12" type="real">
            0.00067755713269713916 0 0.47794949114210333 0.33402489626556009 0.38326763031099431 0.53091684434968012 0.20364314761245961 0.17391304347826086
            0.16826003824091773 0.44186046511627897 0.33418439716312054 1
            </Array>
            <Array n="12" type="real">
            0.001157363035268179 0 0.47794949114210333 0.33402489626556009 0.54840122645641687 0.84115138592750527 0.23602901102586676 0.17391304347826086
            0.16826003824091773 0.44186046511627897 0.2258156028368794 0
            </Array>
            <Array n="12" type="real">
            0.0019507151513823812 0 0.47794949114210333 0.33402489626556009 0.39706526500219019 0.93390191897654584 0.18029178719657901 0.17391304347826086
            0.16826003824091773 0.44186046511627897 0.45929078014184399 1
            </Array>
            <Array n="12" type="real">
            0.0067898501002643715 0 0.18808895589898231 0.24481327800829855 0.61607533946561532 0.87739872068230274 0.17739906929945914 0.30434782608695654
            0.22753346080305925 0.55813953488372059 0.22638297872340429 1
            </Array>
            <Array n="12" type="real">
            0.011982433588056216 0 0.18808895589898231 0.24481327800829855 0.60030661410424879 0.76226012793176978 0.22041252672619793 0.30434782608695654
            0.22753346080305925 0.55813953488372059 0.23262411347517731 1
            </Array>
            <Array n="12" type="real">
            0.011809132312198925 0 0.18808895589898231 0.24481327800829855 0.54314498466929484 0.79530916844349675 0.22041252672619793 0.30434782608695654
            0.22753346080305925 0.55813953488372059 0.16652482269503543 0
            </Array>
            <Array n="12" type="real">
            0.0059534660646370727 0 0.18808895589898231 0.23858921161825708 0.90407358738501964 0.76865671641791045 0.18082631115582942 0.30434782608695654
            0.22753346080305925 0.55813953488372059 0.068368794326241128 0
            </Array>
            <Array n="12" type="real">
            0.0072602672203961899 0 0.18808895589898231 0.23858921161825708 0.85457731055628527 0.85607675906183367 0.21450132058860522 0.30434782608695654
            0.22753346080305925 0.55813953488372059 0.039716312056737584 0
            </Array>
            <Array n="12" type="real">
            0.0078517605140671354 0 0.18808895589898231 0.23858921161825708 0.66250547525186154 0.78571428571428581 0.21450132058860522 0.30434782608695654
            0.22753346080305925 0.55813953488372059 0.13134751773049647 0
            </Array>
            <Array n="12" type="real">
            0.0084268234384694413 0 0.18808895589898231 0.23858921161825708 0.52869031975470859 0.16204690831556501 0.23120781453066702 0.30434782608695654
            0.22753346080305925 0.55813953488372059 0.057588652482269513 0
            </Array>
            <Array n="12" type="real">
            0.010289323154849971 0 0.18808895589898231 0.23858921161825708 0.40363556723609273 0.65991471215351805 0.26227308933886723 0.30434782608695654
            0.22753346080305925 0.55813953488372059 0.28141843971631203 0
            </Array>
            <Array n="12" type="real">
            0.0088411034636000814 0 0.18808895589898231 0.23858921161825708 0.71703898379325426 0.75373134328358216 0.26227308933886723 0.30434782608695654
            0.22753346080305925 0.55813953488372059 0.099858156028368783 0
            </Array>
            <Array n="12" type="real">
            0.0062492127114725446 0 0.18808895589898231 0.24481327800829855 0.42663162505475261 0.58955223880597019 0.26021884039743431 0.30434782608695654
            0.22753346080305925 0.55813953488372059 0.25957446808510637 0
            </Array>
            <Array n="12" type="real">
            0.0097969988756933021 0 0.18808895589898231 0.24481327800829855 0.70521243977222925 0.69722814498933894 0.31221439651196908 0.30434782608695654
            0.22753346080305925 0.55813953488372059 0.085106382978723416 0
            </Array>
            <Array n="12" type="real">
            0.0013981461849073759 0.29999999999999999 0.14021862042970223 0.080912863070539354 0.51314060446780529 0.13113006396588486 0.52622311658910825 0.21739130434782608
            0.21414913957934989 0.4651162790697676 0.13134751773049647 0
            </Array>
            <Array n="12" type="real">
            0.0035280306011715632 0.22 0.17527327553712782 0.087136929460580936 0.32128777923784502 0.68230277185501065 0.71121032993753419 0.26086956521739135
            0.27151051625238998 0.7558139534883721 0.47460992907801414 0
            </Array>
            <Array n="12" type="real">
            0.0064326851683056616 0.22 0.17527327553712782 0.087136929460580936 0.43144984669294772 0.30597014925373134 0.72175407705529715 0.26086956521739135
            0.27151051625238998 0.7558139534883721 0.21078014184397165 0
            </Array>
            <Array n="12" type="real">
            0.0030010851867702669 0.22 0.17527327553712782 0.087136929460580936 0.50262812089356101 0.45735607675906187 0.69775290319875916 0.26086956521739135
            0.27151051625238998 0.7558139534883721 0.22099290780141839 0
            </Array>
            <Array n="12" type="real">
            0.0025298856681018459 0.22 0.17527327553712782 0.087136929460580936 0.51445466491458602 0.072494669509594878 0.65270615855447955 0.26086956521739135
            0.27151051625238998 0.7558139534883721 0.11829787234042555 0
            </Array>
            <Array n="12" type="real">
            0.0039732153684979747 0.22 0.17527327553712782 0.087136929460580936 0.50372317126587807 0.028784648187633266 0.65270615855447955 0.26086956521739135
            0.27151051625238998 0.7558139534883721 0.052765957446808502 0
            </Array>
            <Array n="12" type="real">
            0.011747322827807383 0.20000000000000001 0.10403316999623069 0.53526970954356856 1 0.86034115138592759 0.066228566637320255 0.17391304347826086
            0.14531548757170165 0.046511627906976827 0.096170212765957441 0
            </Array>
            <Array n="12" type="real">
            0.012763854126487241 0.20000000000000001 0.10403316999623069 0.53526970954356856 0.69973718791064377 1 0.076038653418857169 0.17391304347826086
            0.14531548757170165 0.046511627906976827 0.17191489361702128 0
            </Array>
            <Array n="12" type="real">
            0.010350154641070758 0.20000000000000001 0.10403316999623069 0.53526970954356856 0.67126587823039863 0.80597014925373134 0.098834528151595172 0.17391304347826086
            0.14531548757170165 0.046511627906976827 0.22297872340425529 0
            </Array>
            <Array n="12" type="real">
            0.010544971876684602 0.20000000000000001 0.10403316999623069 0.53526970954356856 0.67192290845378877 0.91044776119402981 0.079759359409717831 0.17391304347826086
            0.14531548757170165 0.046511627906976827 0.18070921985815599 0
            </Array>
            <Array n="12" type="real">
            0.011097932042427908 0.20000000000000001 0.10403316999623069 0.38589211618257258 0.91086289969338585 0.64818763326226014 0.13127279587473273 0.17391304347826086
            0.14531548757170165 0.046511627906976827 0.16198581560283687 0
            </Array>
            <Array n="12" type="real">
            0.010357783026802625 0.20000000000000001 0.10403316999623069 0.38589211618257258 0.72974156811213287 0.49466950959488276 0.17847859807990607 0.17391304347826086
            0.14531548757170165 0.046511627906976827 0.040567375886524822 0
            </Array>
            <Array n="12" type="real">
            0.0015587334845448908 0.20000000000000001 0.21673577082548059 0.15560165975103724 0.39027595269382376 0.58955223880597019 0.28805600972623985 0.086956521739130432
            0.066921606118546806 0.69767441860465151 0.33815602836879433 1
            </Array>
            <Array n="12" type="real">
            0.0056371814562158036 0.20000000000000001 0.21673577082548059 0.15560165975103724 0.37625930792816464 0.38272921108742003 0.34166561858047206 0.086956521739130432
            0.066921606118546806 0.69767441860465151 0.31971631205673756 0
            </Array>
            <Array n="12" type="real">
            0.0029564884701839653 0.20000000000000001 0.21673577082548059 0.15560165975103724 0.46035917652211999 0.10767590618336886 0.34166561858047206 0.086956521739130432
            0.066921606118546806 0.69767441860465151 0.1378723404255319 0
            </Array>
            <Array n="12" type="real">
            0.0020271946083352047 0.20000000000000001 0.21673577082548059 0.15560165975103724 0.52562417871222067 0.55970149253731349 0.28805600972623985 0.086956521739130432
            0.066921606118546806 0.69767441860465151 0.1702127659574468 0
            </Array>
            <Array n="12" type="real">
            0.0041255874835011705 0.20000000000000001 0.21673577082548059 0.15560165975103724 0.77814279456854996 0.48614072494669502 0.33511507986416805 0.086956521739130432
            0.066921606118546806 0.69767441860465151 0.13758865248226951 1
            </Array>
            <Array n="12" type="real">
            0.00088958713611622057 0.40000000000000002 0.19600452318130421 0.1203319502074689 0.5738063950941743 0.28464818763326222 0.30483586970192433 0.13043478260869565
            0.12619502868068827 0.58139534883720945 0.051063829787234054 1
            </Array>
            <Array n="12" type="real">
            0.0013461166822233577 0.40000000000000002 0.19600452318130421 0.1203319502074689 0.51335961454226897 0.27611940298507465 0.31140737014212044 0.13043478260869565
            0.12619502868068827 0.58139534883720945 0.1548936170212766 0
            </Array>
            <Array n="12" type="real">
            0.00048547829196140261 0.20000000000000001 0.079909536373916318 0.11182572614107888 0.80639509417433186 0.62153518123667373 0.36951326877122376 0.17391304347826086
            0.053537284894837445 0.26744186046511631 0.057588652482269513 0
            </Array>
            <Array n="12" type="real">
            0.00051031944549850914 0.20000000000000001 0.079909536373916318 0.11182572614107888 0.61979851073149361 0.33049040511727079 0.42715800947469923 0.17391304347826086
            0.053537284894837445 0.26744186046511631 0.081134751773049629 0
            </Array>
            <Array n="12" type="real">
            0.00098445295867918619 0.20000000000000001 0.079909536373916318 0.11182572614107888 0.76806833114323259 0.46375266524520253 0.42372028675638279 0.17391304347826086
            0.053537284894837445 0.26744186046511631 0.036312056737588645 1
            </Array>
            <Array n="12" type="real">
            7.9217851830929928e-005 0.90000000000000002 0 0.024896265560165887 0.82895313184406461 0.19829424307036247 0.49426696851549073 0
            0.019120458891013326 0.11627906976744184 0.040567375886524822 1
            </Array>
            <Array n="12" type="real">
            0 0.55000000000000004 0.039200904636260837 0 0.50700832238282967 0.27398720682302768 0.64333626797467824 0
            0.21414913957934989 0.31395348837209314 0.18439716312056736 0
            </Array>
            <Array n="12" type="real">
            0.00068342512172165238 0.52500000000000002 0.15491895966830005 0.033195020746887849 0.47678493210687689 0.42004264392324092 0.64437387330734086 0.21739130434782608
            0.20076481835564053 0.4651162790697676 0.16652482269503543 0
            </Array>
            <Array n="12" type="real">
            0.00062611442891557221 0.52500000000000002 0.15491895966830005 0.033195020746887849 0.53153745072273328 0.17803837953091683 0.64437387330734086 0.21739130434782608
            0.20076481835564053 0.4651162790697676 0.220709219858156 0
            </Array>
            <Array n="12" type="real">
            0.0014022537772245352 0 0.47908028646814932 0.09958506224066388 0.43561103810775292 0.13006396588486138 0.45419863329560223 0.13043478260869565
            0.19311663479923513 0.39534883720930236 0.19432624113475178 0
            </Array>
            <Array n="12" type="real">
            0.001389344201370606 0 0.47908028646814932 0.09958506224066388 0.4097678493210688 0.38486140724946694 0.45419863329560223 0.13043478260869565
            0.19311663479923513 0.39534883720930236 0.24595744680851062 0
            </Array>
            <Array n="12" type="real">
            0.00083638403562729985 0 0.47908028646814932 0.09958506224066388 0.52803328953131845 0.4776119402985074 0.50216953842283996 0.13043478260869565
            0.19311663479923513 0.39534883720930236 0.16056737588652481 0
            </Array>
            <Array n="12" type="real">
            0.00087335236648173383 0.70000000000000007 0.038823972860912194 0.022821576763485396 0.6357862461673236 0.040511727078891252 0.69788915440405819 0.17391304347826086
            0.32504780114722753 0.2558139534883721 0.085390070921985806 0
            </Array>
            <Array n="12" type="real">
            0.00047745870696123456 0.34000000000000002 0.18394270637014701 0.091286307053941917 0.53701270258431877 0.3646055437100213 0.45304573848153268 0.26086956521739135
            0.26959847036328866 0.40697674418604679 0.22042553191489361 0
            </Array>
            <Array n="12" type="real">
            0.0017416191424755557 0.34000000000000002 0.18394270637014701 0.091286307053941917 0.62286465177398154 0.12260127931769721 0.45304573848153268 0.26086956521739135
            0.26959847036328866 0.40697674418604679 0.088794326241134758 0
            </Array>
            <Array n="12" type="real">
            0.0094282935653197154 0 0.32755371277798728 0.32157676348547715 0.54686815593517291 0.81343283582089554 0.22517083804972116 0.13043478260869565
            0.22179732313575518 0.67441860465116266 0.07971631205673757 0
            </Array>
            <Array n="12" type="real">
            0.0066198740181876376 0 0.32755371277798728 0.32157676348547715 0.40166447656592186 0.75159914712153519 0.20263698486563536 0.13043478260869565
            0.22179732313575518 0.67441860465116266 0.23375886524822698 0
            </Array>
            <Array n="12" type="real">
            0.051335515182052399 0 0.32755371277798728 0.32157676348547715 0.18287341217696018 0.33688699360341146 0.1415230788580053 0.13043478260869565
            0.22179732313575518 0.67441860465116266 0.30950354609929076 0
            </Array>
            <Array n="12" type="real">
            0.015246013483856376 0 0.32755371277798728 0.32157676348547715 0.43451598773543565 0.49680170575692961 0.15419444095082374 0.13043478260869565
            0.22179732313575518 0.67441860465116266 0.12056737588652483 0
            </Array>
            <Array n="12" type="real">
            0.0050546857457157814 0 0.32755371277798728 0.32157676348547715 0.46605343845816893 0.81663113006396582 0.21943780656521189 0.13043478260869565
            0.22179732313575518 0.67441860465116266 0.17503546099290782 0
            </Array>
            <Array n="12" type="real">
            0.0070071612938055151 0 0.32755371277798728 0.32157676348547715 0.53197547087165997 0.8646055437100213 0.2550203328721754 0.13043478260869565
            0.22179732313575518 0.67441860465116266 0.21418439716312054 0
            </Array>
            <Array n="12" type="real">
            0.0045821170296083073 0 0.32755371277798728 0.32157676348547715 0.3600525624178712 0.69829424307036247 0.30002515406867059 0.13043478260869565
            0.22179732313575518 0.67441860465116266 0.40312056737588647 0
            </Array>
            <Array n="12" type="real">
            0.0076491192930872743 0 0.32755371277798728 0.32157676348547715 0.49145860709592615 0.65031982942430711 0.24770469123380701 0.13043478260869565
            0.22179732313575518 0.67441860465116266 0.24482269503546095 0
            </Array>
            <Array n="12" type="real">
            0.0090857986059222871 0 0.32755371277798728 0.32157676348547715 0.432544897065265 0.56076759061833681 0.29690185720873685 0.13043478260869565
            0.22179732313575518 0.67441860465116266 0.31205673758865249 0
            </Array>
            <Array n="12" type="real">
            0.003063872669332559 0 0.2325669053901244 0.21576763485477168 0.50109505037231705 0.49147121535181237 0.35334129878841236 0.17391304347826086
            0.18929254302103249 0.81395348837209314 0.15517730496453899 0
            </Array>
            <Array n="12" type="real">
            0.0033375165575090307 0 0.2325669053901244 0.21576763485477168 0.49014454664914586 0.51279317697228144 0.35334129878841236 0.17391304347826086
            0.18929254302103249 0.81395348837209314 0.14581560283687942 0
            </Array>
            <Array n="12" type="real">
            0.004500160782899271 0 0.2325669053901244 0.21576763485477168 0.42597459483136224 0.39978678038379534 0.4451012451263992 0.17391304347826086
            0.18929254302103249 0.81395348837209314 0.31375886524822694 0
            </Array>
            <Array n="12" type="real">
            0.0011008347409987007 0 0.076517150395778388 0.14730290456431527 0.48072711344721863 0.11727078891257994 0.42400327002892718 0.13043478260869565
            0.4627151051625239 0.49999999999999978 0.15914893617021275 0
            </Array>
            <Array n="12" type="real">
            0.00046357113293655307 0.35000000000000003 0.18281191104410102 0.10145228215767632 0.41458607095926392 0.18230277185501068 0.57347084224206601 0
            0.22179732313575518 0.49999999999999978 0.17304964539007092 0
            </Array>
            <Array n="12" type="real">
            0.00056039295184102294 0 0.15001884658876746 0.2614107883817427 0.41590013140604465 0.30170575692963753 0.50477927304741543 0.17391304347826086
            0.068833652007648127 0.88372093023255793 0.17815602836879432 0
            </Array>
            <Array n="12" type="real">
            0.00043227519147248189 0 0.15001884658876746 0.2614107883817427 0.42071835304423999 0.33155650319829422 0.38182828155787524 0.17391304347826086
            0.068833652007648127 0.88372093023255793 0.19234042553191488 0
            </Array>
            <Array n="12" type="real">
            0.00098875615063049606 0 0.15001884658876746 0.2614107883817427 0.40078843626806826 0.55756929637526653 0.38182828155787524 0.17391304347826086
            0.068833652007648127 0.88372093023255793 0.21446808510638293 0
            </Array>
            <Array n="12" type="real">
            0.00027423068707892298 0 0.025631360723709022 0.26763485477178417 0.52606219886114758 0.57036247334754797 0.53429338028759488 0
            0.44741873804971311 0.38372093023255816 0.19631205673758864 0
            </Array>
            <Array n="12" type="real">
            0.00039452446208144612 0 0.11986430456087449 0.10995850622406633 0.41086289969338585 0.45095948827292109 0.71736259589988693 0.086956521739130432
            0.31357552581261949 0.72093023255813948 0.24964539007092196 0
            </Array>
            <Array n="12" type="real">
            0.00015139411683244385 0.84999999999999998 0.1108179419525066 0.082987551867219844 0.52080595707402533 0.22921108742004265 0.7720412526726198 0.13043478260869565
            0.31166347992351806 0.61627906976744162 0.13134751773049647 0
            </Array>
            <Array n="12" type="real">
            0.00035266614037325112 0.40000000000000002 0.00150772710139465 0.082987551867219844 0.61344721857205431 0.30170575692963753 0.79895610615016976 0
            0.2810707456978967 0.82558139534883734 0.11801418439716313 0
            </Array>
            <Array n="12" type="real">
            0.0013406398924671453 0.59999999999999998 0.018092725216735779 0.045643153526970903 0.53460359176522099 0.31663113006396587 1 0.13043478260869565
            0.42638623326959846 0.66279069767441889 0.10666666666666666 0
            </Array>
            <Array n="12" type="real">
            0.10153205369444675 0 0.63663776856389009 0.79045643153526957 0.43561103810775292 0.8230277185501067 0.16283067119439903 1
            0.91395793499043976 0.88372093023255793 0.27659574468085107 1
            </Array>
            <Array n="12" type="real">
            0.083136690501134064 0 0.63663776856389009 0.79045643153526957 0.43232588699080154 0.80063965884861399 0.14044355007755838 1
            0.91395793499043976 0.88372093023255793 0.31035460992907798 0
            </Array>
            <Array n="12" type="real">
            0.088625411835029685 0 0.63663776856389009 0.79045643153526957 0.49496276828734098 0.8720682302771855 0.14139730851465226 1
            0.91395793499043976 0.88372093023255793 0.17191489361702128 0
            </Array>
            <Array n="12" type="real">
            0.074834072830350165 0 0.63663776856389009 0.79045643153526957 0.46276828734121778 0.90511727078891246 0.11805642896071773 1
            0.91395793499043976 0.88372093023255793 0.35347517730496453 0
            </Array>
            <Array n="12" type="real">
            0.071731471433455818 0 0.63663776856389009 0.79045643153526957 0.26806833114323259 0.95948827292110872 0.097943654886177858 1
            0.91395793499043976 0.88372093023255793 0.23999999999999999 0
            </Array>
            <Array n="12" type="real">
            0.082375416725020537 0 0.63663776856389009 0.79045643153526957 0.36465177398160309 0.88272921108741997 0.077097220475411912 1
            0.91395793499043976 0.88372093023255793 0.36624113475177306 1
            </Array>
            <Array n="12" type="real">
            0.11069022416500469 0 0.63663776856389009 0.50207468879668049 0.55738063950941719 0.9658848614072495 0.019662097010858179 1
            0.91395793499043976 0.88372093023255793 0.056737588652482275 1
            </Array>
            <Array n="12" type="real">
            0.18036907303768576 0 0.63663776856389009 0.50207468879668049 0.45510293473499774 1 0 1
            0.91395793499043976 0.88372093023255793 0.22127659574468084 0
            </Array>
            <Array n="12" type="real">
            0.21705965241162609 0 0.63663776856389009 0.57883817427385909 0.16819973718791048 1 0.00053452395925039642 1
            0.91395793499043976 0.88372093023255793 0.93730496453900713 0
            </Array>
            <Array n="12" type="real">
            0.38333890140291876 0 0.63663776856389009 0.58506224066390056 0.69535698642137511 0.97761194029850751 0.015427828784639261 1
            0.91395793499043976 0.88372093023255793 0.33219858156028365 0
            </Array>
            <Array n="12" type="real">
            0.29881834349017028 0 0.63663776856389009 0.58506224066390056 0.54993429697766083 0.92857142857142849 0.018425355301219956 1
            0.91395793499043976 0.88372093023255793 0.61021276595744678 0
            </Array>
            <Array n="12" type="real">
            0.19193272780902587 0 0.63663776856389009 0.58506224066390056 0.58169075777485757 0.98720682302771845 0.019798348216157294 1
            0.91395793499043976 0.88372093023255793 0.55347517730496443 0
            </Array>
            <Array n="12" type="real">
            0.4623435496326247 0 0.63663776856389009 0.58506224066390056 0.49102058694699946 0.95948827292110872 0.022743470423007603 1
            0.91395793499043976 0.88372093023255793 0.62297872340425531 0
            </Array>
            <Array n="12" type="real">
            0.34925762114854536 0 0.63663776856389009 0.58506224066390056 0.45663600525624171 1 0.022743470423007603 1
            0.91395793499043976 0.88372093023255793 0.5687943262411348 0
            </Array>
            <Array n="12" type="real">
            0.31028830603675234 0 0.63663776856389009 0.58506224066390056 0.52715724923346463 0.99040511727078884 0.036693497673248657 1
            0.91395793499043976 0.88372093023255793 0.54893617021276586 0
            </Array>
            <Array n="12" type="real">
            0.17948339789425255 0 0.63663776856389009 0.64522821576763478 0.30617608409986841 1 0.043107785184253553 1
            0.91395793499043976 0.88372093023255793 0.62042553191489369 0
            </Array>
            <Array n="12" type="real">
            0.15611823919644538 0 0.63663776856389009 0.64522821576763478 0.30267192290845357 1 0.038150337483754668 1
            0.91395793499043976 0.88372093023255793 0.64765957446808509 0
            </Array>
            <Array n="12" type="real">
            0.44178407208707154 0 0.63663776856389009 0.64522821576763478 0.18878668418747258 0.88805970149253732 0.036609650777679956 1
            0.91395793499043976 0.88372093023255793 0.85843971631205662 0
            </Array>
            <Array n="12" type="real">
            0.2801522704031934 0 0.63663776856389009 0.64522821576763478 0.16250547525186154 1 0.04406154362134744 1
            0.91395793499043976 0.88372093023255793 0.81957446808510637 0
            </Array>
            <Array n="12" type="real">
            0.13596502209102265 0 0.63663776856389009 0.64522821576763478 0.34494086727989481 0.96801705756929635 0.079382048379658718 1
            0.91395793499043976 0.88372093023255793 0.4363120567375886 0
            </Array>
            <Array n="12" type="real">
            0.16887681213281056 0 0.63663776856389009 0.63070539419087157 0.45006570302233895 0.92110874200426429 0.065201442166603771 1
            0.91395793499043976 0.88372093023255793 0.38127659574468081 0
            </Array>
            <Array n="12" type="real">
            0.26110282203328161 0 0.63663776856389009 0.63070539419087157 0.38304862023653086 0.943496801705757 0.064247683729509911 1
            0.91395793499043976 0.88372093023255793 0.41475177304964539 0
            </Array>
            <Array n="12" type="real">
            0.11464270597228272 0 0.63663776856389009 0.63070539419087157 0.49649583880858517 0.95735607675906187 0.053211336100280879 1
            0.91395793499043976 0.88372093023255793 0.50042553191489358 0
            </Array>
            <Array n="12" type="real">
            0.48968642249051531 0 0.63663776856389009 0.63070539419087157 0.40494962768287346 1 0.043988177587724817 1
            0.91395793499043976 0.88372093023255793 0.71035460992907795 0
            </Array>
            <Array n="12" type="real">
            0.48490596743187847 0 0.63663776856389009 0.63070539419087157 0.26522120017520812 0.95735607675906187 0.055936360206263372 1
            0.91395793499043976 0.88372093023255793 0.51177304964539005 0
            </Array>
            <Array n="12" type="real">
            0.40499373689971446 0 0.63663776856389009 0.56016597510373445 0 1 0.000943277575147769 1
            0.91395793499043976 0.88372093023255793 0.6130496453900709 0
            </Array>
            <Array n="12" type="real">
            0.23354870157050855 0 0.63663776856389009 0.56016597510373445 0.32194480946123538 1 0.012168280719406385 1
            0.91395793499043976 0.88372093023255793 0.29503546099290784 0
            </Array>
            <Array n="12" type="real">
            0.14460544032998437 0 0.63663776856389009 0.43153526970954359 0.32391590013140603 0.97761194029850751 0.029933341718022879 1
            0.91395793499043976 0.88372093023255793 0.69985815602836876 0
            </Array>
            <Array n="12" type="real">
            0.28219824257640702 0 0.63663776856389009 0.43153526970954359 0.59439334209373618 1 0.031065274808200219 1
            0.91395793499043976 0.88372093023255793 0.51205673758865244 0
            </Array>
            <Array n="12" type="real">
            1 0 0.63663776856389009 0.43153526970954359 0.3545773105562855 1 0.025562822286504847 1
            0.91395793499043976 0.88372093023255793 0.23773049645390071 0
            </Array>
            <Array n="12" type="real">
            0.27461680075673583 0 0.63663776856389009 0.43153526970954359 0.55168637757336825 1 0.037563409214773816 1
            0.91395793499043976 0.88372093023255793 0.55290780141843965 0
            </Array>
            <Array n="12" type="real">
            0.56029202242980125 0 0.63663776856389009 0.43153526970954359 0.22273324572930364 1 0.044051062759401308 1
            0.91395793499043976 0.88372093023255793 0.5205673758865248 0
            </Array>
            <Array n="12" type="real">
            0.89457766518193493 0 0.63663776856389009 0.63070539419087157 0.083442838370565098 1 0.051261895778308822 1
            0.91395793499043976 0.88372093023255793 0.99999999999999978 0
            </Array>
            <Array n="12" type="real">
            0.2117021784322454 0 0.63663776856389009 0.60165975103734448 0.57906263688129633 0.90191897654584219 0.068167526097346262 1
            0.91395793499043976 0.88372093023255793 0.68255319148936167 0
            </Array>
            <Array n="12" type="real">
            0.50718280976527264 0 0.63663776856389009 0.60165975103734448 0.25536574682435398 0.8837953091684434 0.05014044355007756 1
            0.91395793499043976 0.88372093023255793 0.70666666666666667 0
            </Array>
            <Array n="12" type="real">
            0.23083377864850038 0 0.63663776856389009 0.68257261410788383 0.58826106000876033 0.74946695095948823 0.065494906301094211 1
            0.91395793499043976 0.88372093023255793 0.59602836879432619 0
            </Array>
            <Array n="12" type="real">
            0.21665476116893467 0 0.63663776856389009 0.68257261410788383 0.49780989925536567 1 0.072296985704104325 1
            0.91395793499043976 0.88372093023255793 0.37702127659574464 0
            </Array>
            <Array n="12" type="real">
            0.13714722627982795 0 0.63663776856389009 0.68257261410788383 0.40911081909767844 0.94989339019189756 0.073942481029639892 1
            0.91395793499043976 0.88372093023255793 0.39631205673758862 0
            </Array>
            <Array n="12" type="real">
            0.31001251055260021 0 0.63663776856389009 0.60165975103734448 0.38501971090670173 0.95095948827292109 0.07761078271077014 1
            0.91395793499043976 0.88372093023255793 0.64283687943262413 0
            </Array>
            <Array n="12" type="real">
            0.23934040673770318 0 0.63663776856389009 0.40456431535269699 0.37209811651335944 0.57036247334754797 0.086833941223326203 1
            0.91395793499043976 0.88372093023255793 0.39602836879432624 0
            </Array>
            <Array n="12" type="real">
            0.14388602487557905 0 0.63663776856389009 0.60165975103734448 0.45006570302233895 0.76652452025586348 0.080335806816752606 1
            0.91395793499043976 0.88372093023255793 0.561418439716312 0
            </Array>
            <Array n="12" type="real">
            0.18245396953809534 0 0.63663776856389009 0.60165975103734448 0.49102058694699946 0.95309168443496795 0.083752567811176779 1
            0.91395793499043976 0.88372093023255793 0.63404255319148928 0
            </Array>
            <Array n="12" type="real">
            0.16589137491677231 0 0.63663776856389009 0.40456431535269699 0.48401226456416979 0.85181236673773975 0.09260889615561986 1
            0.91395793499043976 0.88372093023255793 0.45134751773049642 0
            </Array>
            <Array n="12" type="real">
            0.10895114781777311 0 0.63663776856389009 0.67219917012448138 0.50328515111695138 0.87100213219616207 0.1201840439357733 1
            0.91395793499043976 0.88372093023255793 0.41106382978723399 0
            </Array>
            <Array n="12" type="real">
            0.29665109954378333 0 0.63663776856389009 0.72821576763485485 0.44108628996933863 1 0.078092902360290109 1
            0.91395793499043976 0.88372093023255793 0.70127659574468082 0
            </Array>
            <Array n="12" type="real">
            0.26732875838829029 0 0.63663776856389009 0.72821576763485485 0.39356110381077536 0.87100213219616207 0.068282815578753223 1
            0.91395793499043976 0.88372093023255793 0.91602836879432625 0
            </Array>
            <Array n="12" type="real">
            0.4311043320624573 0 0.63663776856389009 0.72821576763485485 0.36793692509855447 0.91897654584221755 0.073062088626168628 1
            0.91395793499043976 0.88372093023255793 0.57815602836879432 0
            </Array>
            <Array n="12" type="real">
            0.25019814242939437 0 0.63663776856389009 0.72821576763485485 0.37582128777923773 0.96375266524520242 0.076143462038318052 1
            0.91395793499043976 0.88372093023255793 0.62581560283687943 0
            </Array>
            <Array n="12" type="real">
            0.18226228189662791 0 0.63663776856389009 0.67219917012448138 0.44831362242663153 0.98614072494669514 0.11450341676099442 1
            0.91395793499043976 0.88372093023255793 0.46524822695035462 0
            </Array>
            <Array n="12" type="real">
            0.1469941030622296 0 0.63663776856389009 0.67219917012448138 0.49912395970214618 0.98187633262260121 0.10647507651029221 1
            0.91395793499043976 0.88372093023255793 0.49872340425531914 0
            </Array>
            <Array n="12" type="real">
            0.10621412213710593 0 0.63663776856389009 0.67219917012448138 0.55124835742444156 0.9808102345415779 0.12431350354253133 1
            0.91395793499043976 0.88372093023255793 0.45390070921985815 0
            </Array>
            <Array n="12" type="real">
            0.16111796144496487 0 0.63663776856389009 0.67219917012448138 0.71287779237844928 0.99253731343283569 0.1345323439399656 1
            0.91395793499043976 0.88372093023255793 0.42581560283687936 0
            </Array>
            <Array n="12" type="real">
            0.091107766792032974 0 0.63663776856389009 0.67219917012448138 0.40254051686377568 0.87100213219616207 0.14793736636901017 1
            0.91395793499043976 0.88372093023255793 0.49021276595744678 0
            </Array>
            <Array n="12" type="real">
            0.16018866758311612 0 0.63663776856389009 0.67219917012448138 0.39378011388523859 0.78997867803837951 0.16875235819393786 1
            0.91395793499043976 0.88372093023255793 0.43148936170212771 0
            </Array>
            <Array n="12" type="real">
            0.15141895798598096 0 0.63663776856389009 0.67219917012448138 0.47371879106438897 0.82622601279317698 0.16916111180983523 1
            0.91395793499043976 0.88372093023255793 0.41134751773049644 0
            </Array>
            <Array n="12" type="real">
            0.093910709549408833 0 0.63663776856389009 0.67219917012448138 0.56132282084975915 0.89339019189765456 0.1497086320378988 1
            0.91395793499043976 0.88372093023255793 0.41673758865248228 0
            </Array>
            <Array n="12" type="real">
            0.086285257812053762 0 0.63663776856389009 0.40456431535269699 0.40845378887428807 0.94136460554370993 0.14371357900473736 1
            0.91395793499043976 0.88372093023255793 0.55574468085106377 0
            </Array>
            <Array n="12" type="real">
            0.30444574496467858 0 0.63663776856389009 0.39626556016597503 0.39159001314060449 0.69083155650319827 0.18229363182828151 1
            0.91395793499043976 0.88372093023255793 0.46524822695035462 0
            </Array>
            <Array n="12" type="real">
            0.08484779610068216 0 0.63663776856389009 0.39626556016597503 0.44437144108628979 0.82942430703624737 0.19539470926088959 1
            0.91395793499043976 0.88372093023255793 0.41304964539007089 0
            </Array>
            <Array n="12" type="real">
            0.069588873040971846 0 0.63663776856389009 0.39626556016597503 0.50350416119141483 0.7334754797441364 0.18104640925669724 1
            0.91395793499043976 0.88372093023255793 0.35829787234042548 0
            </Array>
            <Array n="12" type="real">
            0.090678621194706904 0 0.63663776856389009 0.46680497925311215 0.62242663162505463 0.65458422174840081 0.14293799522072698 1
            0.91395793499043976 0.88372093023255793 0.28170212765957447 0
            </Array>
            <Array n="12" type="real">
            0.12483481610895991 0 0.63663776856389009 0.40456431535269699 0.44327639071397273 0.97228144989339027 0.10867605751897035 1
            0.91395793499043976 0.88372093023255793 0.63460992907801417 0
            </Array>
            <Array n="12" type="real">
            0.29364277717054954 0 0.63663776856389009 0.46680497925311215 0.25536574682435398 0.97121535181236673 0.097639709889741313 1
            0.91395793499043976 0.88372093023255793 0.6575886524822695 0
            </Array>
            <Array n="12" type="real">
            0.19994272842712071 0 0.63663776856389009 0.46680497925311215 0.44831362242663153 0.96481876332622596 0.10495535152810968 1
            0.91395793499043976 0.88372093023255793 0.4624113475177305 0
            </Array>
            <Array n="12" type="real">
            0.054913032490664024 0 0.63663776856389009 0.29668049792531104 0.35567236092860277 0.36353944562899781 0.30700540812476418 1
            0.91395793499043976 0.88372093023255793 0.24652482269503545 0
            </Array>
            <Array n="12" type="real">
            0.071642473599917378 0 0.63663776856389009 0.4024896265560165 0.47612790188348653 0.48720682302771856 0.29583280929023598 1
            0.91395793499043976 0.88372093023255793 0.25106382978723402 0
            </Array>
            <Array n="12" type="real">
            0.09437115108819899 0 0.63663776856389009 0.4024896265560165 0.3869908015768726 0.50106609808102343 0.20785645411478637 1
            0.91395793499043976 0.88372093023255793 0.27574468085106379 0
            </Array>
            <Array n="12" type="real">
            0.0027364388817647154 0 1.0000000000000002 0.45643153526970948 0.28821725799386755 0.92217484008528783 0.068314258164591454 0.13043478260869565
            0.99999999999999989 0.87209302325581417 0.46326241134751767 0
            </Array>
            <Array n="12" type="real">
            0.0052540017729150838 0 0.31963814549566533 0.40663900414937748 0.39159001314060449 0.38805970149253732 0.12709093195824422 0.21739130434782608
            0.3881453154875717 0.76744186046511631 0.33645390070921982 0
            </Array>
            <Array n="12" type="real">
            0.0050351257823007369 0 0.31963814549566533 0.40663900414937748 0.36268068331143244 0.68656716417910435 0.18064813650274597 0.21739130434782608
            0.3881453154875717 0.76744186046511631 0.3509219858156028 0
            </Array>
            <Array n="12" type="real">
            0.0044628012527765356 0 0.31963814549566533 0.40663900414937748 0.4119579500657029 0.63006396588486135 0.12996268813147194 0.21739130434782608
            0.3881453154875717 0.76744186046511631 0.31744680851063828 0
            </Array>
            <Array n="12" type="real">
            0.0032639710950684636 0 0.31963814549566533 0.40663900414937748 0.31340341655716153 0.71748400852878458 0.128998448832432 0.21739130434782608
            0.3881453154875717 0.76744186046511631 0.37929078014184392 0
            </Array>
            <Array n="12" type="real">
            0.00097408617806921268 0 0.40407086317376562 0.38174273858921159 0.62155059132720103 0.90405117270788915 0.10464092566972706 0
            0.16252390057361377 0.97674418604651159 0.11092198581560284 0
            </Array>
        </SnnNeuralWeights>
    </SnnNeuralLayer>
    <SnnNeuralLayer
        nounits="2"
        width="1"
        actFn="Linear"
        pspFn="Linear"
        hasClasses="false"
    >
        <SnnNeuralThresholds>
            <Array n="2" type="real">
            0 0
            </Array>
        </SnnNeuralThresholds>
        <SnnNeuralWeights>
            <Array n="254" type="real">
            -0.01293836136614912 0.14197744867244155 0.12660412401212334 0.1597159002035779 0.071023642547896171 0.0024349632941689792 -0.044867574122194581 -0.090987548103149046
            -0.027129122591058236 -0.033041939768103684 0.0048000901649872252 -0.061423462217921804 -0.029494249461876398 -0.1075434361988763 -0.036589630074330914 -0.083892167490694503
            -0.10399574589264901 -0.093352674973967209 -0.1181865071175581 -0.044867574122194581 -0.031859376332694589 0.030816485743987154 -0.017668615107785501 -0.031859376332694589
            -0.072066533136603605 -0.02594655915564914 0.027268795437759896 0.0083477804712144277 -0.044867574122194581 0.15025539272030514 0.10531798217475979 -0.036589630074330914
            -0.0058429807536946043 0.027268795437759896 0.12187387027048702 0.0095303439066235507 -0.062606025653330927 0.0012523998587599117 0.0083477804712144277 -0.015303488236967366
            -0.031859376332694589 -0.017668615107785501 0.062745698500032532 0.014260597648259876 0.024903668566941706 0.0024349632941689792 -0.0022952904474673463 -0.0082081076245127949
            -0.024763995720240017 -0.015303488236967366 0.18927998608880514 0.12423899714130521 0.056832881322987083 -0.048415264428421811 -0.0401373203805582 -0.030676812897285466
            -0.037772193509740037 -0.046050137557603649 -0.049597827863830907 -0.051962954734649097 -0.0401373203805582 -0.028311686026467303 -0.063788589088739994 -0.046050137557603649
            -0.015303488236967366 -0.082709604055285435 -0.076796786878239987 -0.055510645040876355 -0.099265492151012658 0.0036175267295781022 -0.066153715959558157 -0.057875771911694546
            -0.10281318245723994 -0.098082928715603562 -0.10517830932805811 -0.083892167490694503 -0.0957178018447854 -0.086257294361512693 -0.014120924801558243 -0.036589630074330914
            0.32290965429003221 0.32290965429003221 6.9836423350844168e-005 0.027268795437759896 0.32290965429003221 0.013078034212850809 0.013078034212850809 -0.042502447251376363
            0.0048000901649872252 0.010712907342032618 -0.0011127270120582233 0.085214403772805203 0.20228818387830505 0.1597159002035779 0.11596105309344157 0.043824683533487119
            0.32290965429003221 0.11004823591639612 0.084031840337396191 0.16917640768685061 0.075753896289532552 0.12542156057671422 0.14079488523703243 0.14434257554325969
            0.12069130683507789 0.016625724519078067 0.23185226976353229 -0.0011127270120582233 -0.0022952904474673463 -0.0401373203805582 0.063928261935441655 0.011895470777441686
            0.027268795437759896 0.0071652170358053602 0.071023642547896171 -0.014120924801558243 0.047372373839714377 0.056832881322987083 0.087579530643623449 0.26141635564875948
            0.17627178829930512 0.10531798217475979 0.10413541873935067 0.018990851389896257 0.10650054561016886 0.015443161083668999 0.10413541873935067 0.011895470777441686
            -0.049597827863830907 0.018990851389896257 0.021355978260714448 0.020173414825305325 0.024903668566941706 0.32290965429003221 0.15735077333275971 0.13133437775375967
            0.16326359050980516 0.32290965429003221 0.24604303098844132 -0.023581432284830978 -0.018851178543194597 0.029633922308578031 0.020173414825305325 0.147890265849487
            0.11477848965803245 0.075753896289532552 0.26851173626121411 0.15025539272030514 0.27560711687366862 0.32290965429003221 -0.0082081076245127949 -0.0046604173182855368
            0.024903668566941706 0.014260597648259876 -0.011755797930740053 0.052102627581350758 0.074571332854123429 -0.0082081076245127949 0.12305643370589614 0.0012523998587599117
            -0.028311686026467303 -0.077979350313649054 -0.0070255441891036718 -0.01293836136614912 0.013078034212850809 -0.034224503203512752 0.0048000901649872252 -0.020033741978603692
            0.013078034212850809 0.0048000901649872252 -0.0058429807536946043 -0.0011127270120582233 -0.038954756945149133 -0.018851178543194597 -0.024763995720240017 -0.047232700993012744
            -0.073249096572012701 -0.061423462217921804 0.0048000901649872252 0.046189810404305309 0.016625724519078067 6.9836423350844168e-005 -0.0011127270120582233 0.027268795437759896
            -0.033041939768103684 -0.022398868849421855 -0.069701406265785415 0.32290965429003221 0.32290965429003221 -0.10517830932805811 -0.090987548103149046 -0.10399574589264901
            -0.11109112650510355 -0.11345625337592175 -0.14775059300278531 -0.1394726489549217 -0.13474239521328532 -0.12291676085919445 -0.18086236919423981 -0.14775059300278531
            -0.089804984667739951 -0.10517830932805811 -0.1181865071175581 -0.12055163398837626 -0.20214851103160342 -0.17021929827555801 -0.1276470146008308 0.061563135064623464
            -0.064971152524149089 0.056832881322987083 -0.090987548103149046 -0.064971152524149089 -0.075614223442830863 -0.18559262293587619 -0.17967980575883075 -0.14538546613196712
            -0.16903673484014892 -0.070883969701194538 -0.10044805558642175 -0.17021929827555801 -0.14775059300278531 -0.13829008551951261 -0.15602853705064895 -0.096900365280194495
            -0.099265492151012658 -0.16548904453392166 -0.16903673484014892 -0.14420290269655806 -0.14065521239033077 -0.10163061902183085 -0.11463881681133081 -0.088622421232330884
            -0.057875771911694546 -0.1181865071175581 -0.10872599963428539 -0.092170111538558114 -0.074431660007421796 -0.042502447251376363 -0.042502447251376363 -0.033041939768103684
            0.0059826536003962372 0.084031840337396191 -0.11109112650510355 -0.12646445116542171 -0.0957178018447854 -0.010573234495330985 -0.017668615107785501 -0.024763995720240017
            -0.088622421232330884 0.021355978260714448 -0.051962954734649097 -0.017668615107785501 -0.061423462217921804 0.014260597648259876
            </Array>
            <Array n="254" type="real">
            1 1 1 1 1 1 1 1
            1 1 1 1 1 1 1 1
            1 1 1 1 1 1 1 1
            1 1 1 1 1 1 1 1
            1 1 1 1 1 1 1 1
            1 1 1 1 1 1 1 1
            1 1 1 1 1 1 1 1
            1 1 1 1 1 1 1 1
            1 1 1 1 1 1 1 1
            1 1 1 1 1 1 1 1
            1 1 1 1 1 1 1 1
            1 1 1 1 1 1 1 1
            1 1 1 1 1 1 1 1
            1 1 1 1 1 1 1 1
            1 1 1 1 1 1 1 1
            1 1 1 1 1 1 1 1
            1 1 1 1 1 1 1 1
            1 1 1 1 1 1 1 1
            1 1 1 1 1 1 1 1
            1 1 1 1 1 1 1 1
            1 1 1 1 1 1 1 1
            1 1 1 1 1 1 1 1
            1 1 1 1 1 1 1 1
            1 1 1 1 1 1 1 1
            1 1 1 1 1 1 1 1
            1 1 1 1 1 1 1 1
            1 1 1 1 1 1 1 1
            1 1 1 1 1 1 1 1
            1 1 1 1 1 1 1 1
            1 1 1 1 1 1 1 1
            1 1 1 1 1 1 1 1
            1 1 1 1 1 1
            </Array>
        </SnnNeuralWeights>
    </SnnNeuralLayer>
    <SnnNeuralLayer
        nounits="1"
        width="1"
        actFn="Linear"
        pspFn="Division"
        hasClasses="false"
    >
        <SnnNeuralThresholds>
            <Array n="1" type="real">
            0
            </Array>
        </SnnNeuralThresholds>
        <SnnNeuralWeights>
            <Array n="2" type="real">
            1 -1
            </Array>
        </SnnNeuralWeights>
    </SnnNeuralLayer>
    <SnnCaseTypes>
        <Array n="506" type="int">
        2 0 0 0 0 0 0 2
        1 0 0 2 2 0 1 0
        0 0 0 1 0 0 1 1
        0 0 1 0 1 1 0 2
        1 1 1 0 0 2 2 2
        1 2 0 2 0 1 0 0
        1 2 1 0 0 0 0 0
        1 0 2 0 2 2 0 0
        0 0 1 1 0 1 2 1
        0 0 2 0 0 2 0 1
        0 0 0 0 2 1 0 2
        2 2 1 0 2 1 0 2
        0 0 2 0 0 1 0 0
        0 2 0 1 2 2 1 2
        0 1 0 0 2 1 2 0
        2 0 2 0 0 0 0 0
        0 0 1 2 0 2 1 2
        2 0 2 0 0 0 2 2
        1 0 0 0 1 0 0 0
        1 2 2 1 2 1 1 1
        2 0 0 2 0 0 0 0
        0 1 1 0 0 0 0 1
        1 2 0 2 0 0 1 0
        0 2 0 0 0 2 0 2
        2 1 0 1 0 1 0 0
        0 0 0 2 1 0 1 0
        1 1 2 0 2 0 0 0
        0 0 0 1 0 1 0 0
        0 2 0 0 1 0 0 0
        1 2 2 0 1 0 0 1
        1 2 2 2 1 0 0 1
        0 1 0 0 1 2 2 2
        1 0 0 1 0 1 2 2
        0 1 2 0 0 0 0 0
        0 0 0 2 1 2 0 1
        0 0 0 0 1 0 2 2
        0 0 1 2 2 0 0 1
        0 1 2 0 1 0 2 0
        2 1 1 2 0 0 0 0
        1 0 0 2 2 0 0 0
        0 0 2 1 1 1 1 0
        2 0 2 2 0 1 2 0
        1 1 0 2 0 1 0 2
        2 0 2 0 2 0 2 0
        1 1 1 1 2 1 0 0
        0 0 0 0 1 2 2 1
        1 0 1 0 1 0 2 0
        0 0 0 0 1 0 0 0
        2 2 2 0 0 1 0 1
        2 0 0 2 0 2 2 1
        0 2 2 0 2 2 0 0
        0 0 0 0 2 0 0 1
        0 0 1 0 0 0 1 1
        2 0 0 1 0 0 0 2
        2 0 1 1 1 0 0 2
        0 2 1 2 0 1 1 2
        0 0 1 0 2 0 2 2
        0 0 0 1 0 1 2 1
        2 2 1 0 0 1 0 2
        0 0 2 0 2 0 0 1
        1 2 1 0 2 0 2 0
        0 1 1 1 1 2 0 1
        1 0 0 0 1 1 2 0
        1 2
        </Array>
    </SnnCaseTypes>
</SnnNeuralNetwork>
</PMML>
