<?xml version="1.0" encoding="Windows-1252" ?>
<PMML version="2.0">
<DataDictionary noOfFields="5">
    <DataField name="SLENGTH" optype="continuous"/>
    <DataField name="SWIDTH" optype="continuous"/>
    <DataField name="PLENGTH" optype="continuous"/>
    <DataField name="PWIDTH" optype="continuous"/>
    <DataField name="FLOWER" optype="categorical">
        <Value value="Setosa" label="101"/>
        <Value value="Versicol" label="102"/>
        <Value value="Virginic" label="103"/>
    </DataField>
</DataDictionary>
<SnnNetworkSet
    note=""
    version="6.0"
    numberNetworks="1"
    numberEnsembles="0"
    maxModel="100"
    nextIndex="6"
    useMaximum="true"
    informWhenFull="true"
    informReplace="true"
    informDiscard="true"
    replacementCriterion="diversity"
    replacementPolicy="discard"
    />
<SnnNeuralNetwork
    networktype="MLP"
    nolayers="4"
    index="4"
    steps="1"
    lookahead="0"
    noInputs="4"
    noOutputs="1"
    noNormInputs="4"
    noNormOutputs="3"
    accept="0.5"
    reject="0.5"
    terror="0.31025739647041789"
    verror="0.071600179623992982"
    xerror="0.29787785080191687"
    tperf="0.96052631578947367"
    vperf="1"
    xperf="0.97297297297297303"
    errorfn="Entropy (multiple)"
    inputNormFn="None"
    outputNormFn="None"
    note=""
    trainnote="BP80b"
    lock="false"
    standalone="true"
    useaccept="false"
    classifyup="true"
    hascasetypes="true"
    hasbootstrapweights="false"
>
    <SnnNeuralSchema>
        <SnnNeuralField
            name="SLENGTH"
            optype="continuous"
            usageType="active"
            conversion="Minimax"
            missing="Mean"
            missingCode="-9999"
            scale="0.29411764705882348"
            shift="-1.2647058823529409"
            minmean="0"
            maxsd="1"
        />
        <SnnNeuralField
            name="SWIDTH"
            optype="continuous"
            usageType="active"
            conversion="Minimax"
            missing="Mean"
            missingCode="-9999"
            scale="0.45454545454545453"
            shift="-0.90909090909090906"
            minmean="0"
            maxsd="1"
        />
        <SnnNeuralField
            name="PLENGTH"
            optype="continuous"
            usageType="active"
            conversion="Minimax"
            missing="Mean"
            missingCode="-9999"
            scale="0.17241379310344826"
            shift="-0.18965517241379309"
            minmean="0"
            maxsd="1"
        />
        <SnnNeuralField
            name="PWIDTH"
            optype="continuous"
            usageType="active"
            conversion="Minimax"
            missing="Mean"
            missingCode="-9999"
            scale="0.41666666666666669"
            shift="-0.041666666666666671"
            minmean="0"
            maxsd="1"
        />
        <SnnNeuralField
            name="FLOWER"
            optype="categorical"
            usageType="predicted"
            conversion="One-of-N"
            missing="Mean"
            missingCode="0"
            scale="1"
            shift="0"
            minmean="0"
            maxsd="1"
        >
            <Value value="Setosa"/>
            <Value value="Versicol"/>
            <Value value="Virginic"/>
        </SnnNeuralField>
        <SnnMissingValues>
            <Array n="7" type="real">
            5.8105263157894722 3.0250000000000004 3.6618421052631573 1.1657894736842103 0.34210526315789475 0.35526315789473684 0.30263157894736842
            </Array>
        </SnnMissingValues>
    </SnnNeuralSchema>
    <SnnNeuralLayer
        nounits="4"
        width="1"
        actFn="Linear"
        pspFn="Linear"
        hasClasses="false"
    >
        <SnnNeuralThresholds>
            <Array n="4" type="real">
            -0.23248291015625 -0.3653564453125 -0.14984130859375 -0.865966796875
            </Array>
        </SnnNeuralThresholds>
    </SnnNeuralLayer>
    <SnnNeuralLayer
        nounits="10"
        width="1"
        actFn="Hyperbolic"
        pspFn="Linear"
        hasClasses="false"
    >
        <SnnNeuralThresholds>
            <Array n="10" type="real">
            -0.58938195176910957 1.1272769911233884 1.7269368894157384 0.34689484880908145 -3.2025603181455118 1.0770222010482771 1.7228768291096228 0.9643592475891487
            1.0575055783964054 0.57981523980468053
            </Array>
        </SnnNeuralThresholds>
        <SnnNeuralWeights>
            <Array n="4" type="real">
            -0.27188653834059712 1.5320533719216889 -1.4280890044649925 -1.2856446324592021
            </Array>
            <Array n="4" type="real">
            -0.24610203434254371 -1.0654507376660614 0.68659826870787555 1.5643484091763262
            </Array>
            <Array n="4" type="real">
            0.31346656486337771 0.063616584157690489 0.82427920468873761 2.1517303064467943
            </Array>
            <Array n="4" type="real">
            0.77840426803934382 0.6434217859008754 1.0714465966602724 0.016053665584106508
            </Array>
            <Array n="4" type="real">
            -0.36567660023105286 0.58064222059305004 -2.3179830089615177 -3.1631318572092764
            </Array>
            <Array n="4" type="real">
            -0.25995920383214194 -0.19625412400313305 -0.67014395735120558 -0.82223378877919195
            </Array>
            <Array n="4" type="real">
            -0.9594477322215067 0.31930864300920642 -0.13560384889164712 2.7967090170994626
            </Array>
            <Array n="4" type="real">
            0.76170385870726165 -0.73254672257466091 1.2305307349868533 1.1356985404610529
            </Array>
            <Array n="4" type="real">
            -0.54162921863928493 -0.97009490603791004 -0.55457472705800803 -0.70215988627646819
            </Array>
            <Array n="4" type="real">
            -0.2427978821709629 -0.96374080435455145 -0.880898096032253 -0.71628498191426559
            </Array>
        </SnnNeuralWeights>
    </SnnNeuralLayer>
    <SnnNeuralLayer
        nounits="10"
        width="1"
        actFn="Hyperbolic"
        pspFn="Linear"
        hasClasses="false"
    >
        <SnnNeuralThresholds>
            <Array n="10" type="real">
            0.69046189817207371 0.051181835774633359 -0.0017408287037467584 -0.16780706706697299 0.9082859976810862 -0.15924098844135445 -0.75227678040653667 0.086636300965698604
            -0.30910604289942051 0.0070399688278112871
            </Array>
        </SnnNeuralThresholds>
        <SnnNeuralWeights>
            <Array n="10" type="real">
            -0.62898580493509126 -0.58227747556013953 0.69114060586711745 0.25390819043451718 0.85035578098324704 0.9881496026182105 -0.79664313968778688 -0.74221781640314588
            0.88863077884295893 0.67435580478269042
            </Array>
            <Array n="10" type="real">
            -0.36845951131012983 0.89881242226003488 0.77632697561000097 -0.40721270711315977 0.84508193576101198 0.52769507480765843 0.40975861704208039 -0.92208415332420213
            -0.067293693421958872 0.85483472053729526
            </Array>
            <Array n="10" type="real">
            0.96214580700247798 0.42162138264086441 0.38831386847534682 -0.99231143659321763 -0.7839423849539886 0.64109598107845467 0.80995558506452647 -0.47974491760427368
            -0.67599206488995012 0.99899341525401464
            </Array>
            <Array n="10" type="real">
            -0.22154637948480466 -0.62308561329343437 0.082220578257070437 1.027463559721965 -1.8386057771990651 -0.52109972446664987 0.77114133496608306 -0.10482567277990064
            0.71108889397877095 0.37537885216988903
            </Array>
            <Array n="10" type="real">
            0.4702490464934142 0.45656938581985818 -0.88624355300920921 -0.25902603712010674 -0.88529526531690428 0.64915542747442168 -0.6488349367480315 -0.66305508856700834
            0.84059763833609213 -0.98124514881843206
            </Array>
            <Array n="10" type="real">
            -1.404963862495854 0.38065303894017832 -0.29246831036693344 0.84087516631351988 -0.49188076463149888 0.28514304306356586 -0.3805415904603921 0.78050577300227408
            -0.6180257990930067 0.2789042495190201
            </Array>
            <Array n="10" type="real">
            0.7630493528570268 -0.043534042509976514 -0.46702266617757482 -1.1126860895573407 0.33479000909692302 0.031857255872379336 0.19768766643406391 -1.3854023059557041
            -0.84412453329750625 -0.70565505345059321
            </Array>
            <Array n="10" type="real">
            1.6372170105713011 -0.13317439366081776 0.00017131397333395592 0.41672037397609824 0.32946607093032021 0.85426132103078434 0.22633093885022007 -1.6866268117306882
            0.59001719031991395 -0.12091119377812545
            </Array>
            <Array n="10" type="real">
            -0.086880082432087766 0.73567523634847776 1.1833434579061026 0.19781596547085323 0.022237548765809207 0.55866872106187448 0.87840025717138925 0.26112105011758646
            1.1154134218259073 -0.40959439972305578
            </Array>
            <Array n="10" type="real">
            -1.2167936901296201 1.0601996812484431 1.006679980673842 -0.3423617026659832 -2.1741072072785124 0.85486009325137313 1.3253603453392824 1.0248574135176307
            0.29483272369864799 0.34665545556460237
            </Array>
        </SnnNeuralWeights>
    </SnnNeuralLayer>
    <SnnNeuralLayer
        nounits="3"
        width="1"
        actFn="Softmax"
        pspFn="Linear"
        hasClasses="false"
    >
        <SnnNeuralThresholds>
            <Array n="3" type="real">
            0.2297734095933904 0.13802715225362108 -0.77307399934700716
            </Array>
        </SnnNeuralThresholds>
        <SnnNeuralWeights>
            <Array n="10" type="real">
            -0.63658025482397396 -0.11038574358050414 0.16018428837013113 -0.43256873091946912 0.10718985475491705 -1.614337831252699 0.55933757637120285 2.3673000265725856
            0.78114907179826076 -1.8993929949787423
            </Array>
            <Array n="10" type="real">
            -0.83874220908045283 0.24972356274558832 0.12309307815225048 -0.63268117984996053 0.12345784539043517 0.97366350019859771 0.79459658858887383 -2.0216559001198959
            -0.56224734020720579 -0.3894553854392302
            </Array>
            <Array n="10" type="real">
            -0.46344341418730445 0.73187179393203972 -0.72821651473117632 1.0616238629731314 -0.41564216703125634 1.0770490976686382 -0.2795454302975291 -0.34806055660706253
            0.6592281165818622 2.0795582385744922
            </Array>
        </SnnNeuralWeights>
    </SnnNeuralLayer>
    <SnnCaseTypes>
        <Array n="150" type="int">
        0 0 1 0 0 0 2 2
        2 0 0 0 0 0 0 1
        1 2 1 0 1 2 2 2
        2 1 0 1 2 2 0 2
        0 0 0 1 0 0 2 0
        0 1 0 0 1 0 0 0
        1 1 1 1 2 0 0 2
        0 0 2 2 0 0 0 1
        1 1 2 2 1 0 2 0
        0 0 0 2 0 0 0 0
        2 0 1 0 2 0 0 0
        2 1 0 1 0 0 1 0
        1 0 1 0 0 2 2 0
        0 2 2 1 1 2 0 2
        0 0 0 2 2 1 0 1
        0 0 1 0 2 2 0 2
        2 0 0 1 1 0 2 0
        2 1 1 0 0 0 1 0
        1 1 0 0 0 1
        </Array>
    </SnnCaseTypes>
</SnnNeuralNetwork>
</PMML>
