<?xml version="1.0" encoding="Windows-1252" ?>
<PMML version="2.0">
<DataDictionary noOfFields="5">
    <DataField name="SLENGTH" optype="continuous"/>
    <DataField name="SWIDTH" optype="continuous"/>
    <DataField name="PLENGTH" optype="continuous"/>
    <DataField name="PWIDTH" optype="continuous"/>
    <DataField name="FLOWER" optype="categorical">
        <Value value="Setosa" label="101"/>
        <Value value="Versicol" label="102"/>
        <Value value="Virginic" label="103"/>
    </DataField>
</DataDictionary>
<SnnNetworkSet
    note=""
    version="6.0"
    numberNetworks="1"
    numberEnsembles="0"
    maxModel="100"
    nextIndex="6"
    useMaximum="true"
    informWhenFull="true"
    informReplace="true"
    informDiscard="true"
    replacementCriterion="diversity"
    replacementPolicy="discard"
    />
<SnnNeuralNetwork
    networktype="MLP"
    nolayers="3"
    index="5"
    steps="1"
    lookahead="0"
    noInputs="4"
    noOutputs="1"
    noNormInputs="4"
    noNormOutputs="3"
    accept="0.5"
    reject="0.5"
    terror="0.11273406072227886"
    verror="0.061983985238753439"
    xerror="0.093017887124978008"
    tperf="0.96052631578947367"
    vperf="1"
    xperf="0.97297297297297303"
    errorfn="Entropy (multiple)"
    inputNormFn="None"
    outputNormFn="None"
    note=""
    trainnote="BP100,CG20b"
    lock="false"
    standalone="true"
    useaccept="false"
    classifyup="true"
    hascasetypes="true"
    hasbootstrapweights="false"
>
    <SnnNeuralSchema>
        <SnnNeuralField
            name="SLENGTH"
            optype="continuous"
            usageType="active"
            conversion="Minimax"
            missing="Mean"
            missingCode="-9999"
            scale="0.29411764705882348"
            shift="-1.2647058823529409"
            minmean="0"
            maxsd="1"
        />
        <SnnNeuralField
            name="SWIDTH"
            optype="continuous"
            usageType="active"
            conversion="Minimax"
            missing="Mean"
            missingCode="-9999"
            scale="0.45454545454545453"
            shift="-0.90909090909090906"
            minmean="0"
            maxsd="1"
        />
        <SnnNeuralField
            name="PLENGTH"
            optype="continuous"
            usageType="active"
            conversion="Minimax"
            missing="Mean"
            missingCode="-9999"
            scale="0.17241379310344826"
            shift="-0.18965517241379309"
            minmean="0"
            maxsd="1"
        />
        <SnnNeuralField
            name="PWIDTH"
            optype="continuous"
            usageType="active"
            conversion="Minimax"
            missing="Mean"
            missingCode="-9999"
            scale="0.41666666666666669"
            shift="-0.041666666666666671"
            minmean="0"
            maxsd="1"
        />
        <SnnNeuralField
            name="FLOWER"
            optype="categorical"
            usageType="predicted"
            conversion="One-of-N"
            missing="Mean"
            missingCode="0"
            scale="1"
            shift="0"
            minmean="0"
            maxsd="1"
        >
            <Value value="Setosa"/>
            <Value value="Versicol"/>
            <Value value="Virginic"/>
        </SnnNeuralField>
        <SnnMissingValues>
            <Array n="7" type="real">
            5.8105263157894722 3.0250000000000004 3.6618421052631573 1.1657894736842103 0.34210526315789475 0.35526315789473684 0.30263157894736842
            </Array>
        </SnnMissingValues>
    </SnnNeuralSchema>
    <SnnNeuralLayer
        nounits="4"
        width="1"
        actFn="Linear"
        pspFn="Linear"
        hasClasses="false"
    >
        <SnnNeuralThresholds>
            <Array n="4" type="real">
            0.146728515625 0.750244140625 0.7470703125 -0.08782958984375
            </Array>
        </SnnNeuralThresholds>
    </SnnNeuralLayer>
    <SnnNeuralLayer
        nounits="10"
        width="1"
        actFn="Hyperbolic"
        pspFn="Linear"
        hasClasses="false"
    >
        <SnnNeuralThresholds>
            <Array n="10" type="real">
            4.083129052809908 -1.0351899876790758 0.28223719367191713 0.22114565324659358 1.069164431285835 -1.0179924701157921 -0.16489929000515097 1.482684311510283
            0.79667087651834212 1.0853063789632562
            </Array>
        </SnnNeuralThresholds>
        <SnnNeuralWeights>
            <Array n="4" type="real">
            0.015725411981349972 -1.5494572271324589 2.9154824766851104 4.4491449403573444
            </Array>
            <Array n="4" type="real">
            0.05863787395092717 0.3126720587687139 -0.22591536794429279 -1.7037205832573374
            </Array>
            <Array n="4" type="real">
            0.0055050254499972653 -1.1295371754652519 -0.060503463069002839 -0.36167631657203048
            </Array>
            <Array n="4" type="real">
            1.4952986398270105 -1.8093258200613571 1.3726993106106165 1.7726886335995529
            </Array>
            <Array n="4" type="real">
            -0.0029677026182259175 -0.049856039264875175 0.024890115219943248 -0.045478003485900295
            </Array>
            <Array n="4" type="real">
            0.082891120021989992 0.062695098906487334 -0.27898165509943951 0.42016989199912014
            </Array>
            <Array n="4" type="real">
            -0.083959506103418083 -0.040881167110063996 0.02193695164032668 0.53800464689779381
            </Array>
            <Array n="4" type="real">
            -0.14908369259590804 -0.362644278593517 1.2367460437888236 1.348953192229136
            </Array>
            <Array n="4" type="real">
            1.2051230167782043 -1.7526449560541772 2.5199610366637168 2.3697896439563539
            </Array>
            <Array n="4" type="real">
            -0.033734516487709421 -0.20690877239204217 -0.31790467748398504 0.1523017274488595
            </Array>
        </SnnNeuralWeights>
    </SnnNeuralLayer>
    <SnnNeuralLayer
        nounits="3"
        width="1"
        actFn="Logistic"
        pspFn="Linear"
        hasClasses="false"
    >
        <SnnNeuralThresholds>
            <Array n="3" type="real">
            0.51649972919599652 0.99979369102305049 0.8860620868341077
            </Array>
        </SnnNeuralThresholds>
        <SnnNeuralWeights>
            <Array n="10" type="real">
            -0.99926874764752582 0.079416057478449514 0.016688952509150329 -1.8307023729025129 0.1437278466145871 -0.74013377849466711 -0.78812979015804552 -0.30500967547368313
            -2.3470374837293666 -0.12223022692006311
            </Array>
            <Array n="10" type="real">
            -4.6713658878209197 0.56543627124713947 1.2154546235821 2.4486484120858241 0.55612648132217168 -1.3933214426257727 -0.73716361558766053 -0.72300427132231315
            3.7603368930541787 0.90521386221451083
            </Array>
            <Array n="10" type="real">
            4.539032585211169 -1.6996795568458496 -0.09882650184274866 1.3085566952025536 0.099416153905334328 0.03823074576894149 0.22949722205023831 1.5355279374674058
            0.09098258833177815 0.25205962437366203
            </Array>
        </SnnNeuralWeights>
    </SnnNeuralLayer>
    <SnnCaseTypes>
        <Array n="150" type="int">
        0 0 1 0 0 0 2 2
        2 0 0 0 0 0 0 1
        1 2 1 0 1 2 2 2
        2 1 0 1 2 2 0 2
        0 0 0 1 0 0 2 0
        0 1 0 0 1 0 0 0
        1 1 1 1 2 0 0 2
        0 0 2 2 0 0 0 1
        1 1 2 2 1 0 2 0
        0 0 0 2 0 0 0 0
        2 0 1 0 2 0 0 0
        2 1 0 1 0 0 1 0
        1 0 1 0 0 2 2 0
        0 2 2 1 1 2 0 2
        0 0 0 2 2 1 0 1
        0 0 1 0 2 2 0 2
        2 0 0 1 1 0 2 0
        2 1 1 0 0 0 1 0
        1 1 0 0 0 1
        </Array>
    </SnnCaseTypes>
</SnnNeuralNetwork>
</PMML>
