<?xml version="1.0" encoding="Windows-1252" ?>
<PMML version="3.0">
<Header copyright="STATISTICA Data Miner, Copyright (c) StatSoft, Inc., www.statsoft.com."/>
<DataDictionary numberOfFields="3">
	<DataField name="LogBUN" optype="continuous"/>
	<DataField name="HGB" optype="continuous"/>
	<DataField name="SCalc" optype="continuous"/>
</DataDictionary>
<GeneralRegressionModel targetVariableName="Time" modelType="CoxRegression" modelName="CSCox"
functionName="regression" endTimeVariable="Time" statusVariable="Censored">
<MiningSchema>
	<MiningField name="LogBUN" usageType="active" missingValueTreatment="asIs" />
	<MiningField name="HGB" usageType="active" missingValueTreatment="asIs" />
	<MiningField name="SCalc" usageType="active" missingValueTreatment="asIs" />
</MiningSchema>
<ParameterList>
	<Parameter name="P1" label="LogBUN" referencePoint="0"/>
	<Parameter name="P2" label="SCalc" referencePoint="0"/>
	<Parameter name="P3" label="HGB" referencePoint="0"/>
</ParameterList>
<FactorList>
</FactorList>
<CovariateList>
	<Predictor name="LogBUN"/>
	<Predictor name="HGB"/>
	<Predictor name="SCalc"/>
</CovariateList>
<PPMatrix>
	<PPCell value="1" predictorName="LogBUN" parameterName="P1"/>
	<PPCell value="1" predictorName="SCalc" parameterName="P2"/>
	<PPCell value="1" predictorName="HGB" parameterName="P3"/>
</PPMatrix>
<ParamMatrix>
	<PCell parameterName="P1" beta="1.635933415643552e+000" df="1" />
	<PCell parameterName="P2" beta="1.328624743363100e-001" df="1" />
	<PCell parameterName="P3" beta="-1.264278630368688e-001" df="1" />
</ParamMatrix>
<Extension name="CorrectDummyCode" value="1"/>
<Extension name="IncorrectDummyCode" value="-1"/>
<EventValues>
	<Value value="1"/>
</EventValues>
<BaseCumHazardTables maxTime="92">
	<BaselineCell time="1.25" cumHazard="2.329529334254809e-003"/>
	<BaselineCell time="2" cumHazard="6.287248317920565e-003"/>
	<BaselineCell time="3" cumHazard="7.721260565742052e-003"/>
	<BaselineCell time="5" cumHazard="1.097502900869029e-002"/>
	<BaselineCell time="6" cumHazard="1.816670766084130e-002"/>
	<BaselineCell time="7" cumHazard="2.407744265683441e-002"/>
	<BaselineCell time="9" cumHazard="2.637936724258029e-002"/>
	<BaselineCell time="11" cumHazard="3.872221501017988e-002"/>
	<BaselineCell time="13" cumHazard="4.169169846163114e-002"/>
	<BaselineCell time="14" cumHazard="4.499189135699882e-002"/>
	<BaselineCell time="15" cumHazard="4.835726533473390e-002"/>
	<BaselineCell time="16" cumHazard="5.545899715157616e-002"/>
	<BaselineCell time="17" cumHazard="6.327820440117367e-002"/>
	<BaselineCell time="18" cumHazard="6.750800434715670e-002"/>
	<BaselineCell time="19" cumHazard="7.641867197931766e-002"/>
	<BaselineCell time="24" cumHazard="8.160567441727780e-002"/>
	<BaselineCell time="25" cumHazard="8.691341042169079e-002"/>
	<BaselineCell time="26" cumHazard="9.233752788607129e-002"/>
	<BaselineCell time="32" cumHazard="9.833646157951655e-002"/>
	<BaselineCell time="35" cumHazard="1.046191284769966e-001"/>
	<BaselineCell time="37" cumHazard="1.113068249025041e-001"/>
	<BaselineCell time="41" cumHazard="1.257770391627916e-001"/>
	<BaselineCell time="51" cumHazard="1.348819369392962e-001"/>
	<BaselineCell time="52" cumHazard="1.470484103562013e-001"/>
	<BaselineCell time="54" cumHazard="1.611457519212143e-001"/>
	<BaselineCell time="58" cumHazard="1.794678759124148e-001"/>
	<BaselineCell time="66" cumHazard="1.999951201213996e-001"/>
	<BaselineCell time="67" cumHazard="2.299349626973157e-001"/>
	<BaselineCell time="88" cumHazard="2.754163984547347e-001"/>
	<BaselineCell time="89" cumHazard="3.376859153831792e-001"/>
	<BaselineCell time="92" cumHazard="4.272809107854968e-001"/>
</BaseCumHazardTables>
</GeneralRegressionModel>
</PMML>


