<?xml version="1.0" encoding="Windows-1252" ?>
<PMML version="2.0">
<Header copyright="STATISTICA MSPC, Copyright (c) StatSoft, Inc., www.statsoft.com."/>

<DataDictionary numberOfFields="8">
	<DataField name="Dewpoint" optype="predictor">
		<Mean value="7.50000000000000e+000"/>
		<Std value="4.00000000000000e-001"/>
		<Scale value="4.00000000000000e-001"/>
	</DataField>
	<DataField name="Intake Temp" optype="predictor">
		<Mean value="9.30000000000002e+000"/>
		<Std value="4.80000000000000e+000"/>
		<Scale value="4.80000000000000e+000"/>
	</DataField>
	<DataField name="In-Process Air Temp" optype="predictor">
		<Mean value="1.09500000000000e+002"/>
		<Std value="5.90000000000001e+000"/>
		<Scale value="5.90000000000001e+000"/>
	</DataField>
	<DataField name="Exhaust Temp" optype="predictor">
		<Mean value="5.68000000000000e+001"/>
		<Std value="6.90000000000000e+000"/>
		<Scale value="6.90000000000000e+000"/>
	</DataField>
	<DataField name="Mass Air Flow" optype="predictor">
		<Mean value="2.63000000000000e+003"/>
		<Std value="3.16600000000000e+002"/>
		<Scale value="3.16600000000000e+002"/>
	</DataField>
	<DataField name="Bed Temp" optype="predictor">
		<Mean value="6.10000000000000e+001"/>
		<Std value="9.30000000000001e+000"/>
		<Scale value="9.30000000000001e+000"/>
	</DataField>
	<DataField name="Filter Pressure" optype="predictor">
		<Mean value="3.14400000000000e+002"/>
		<Std value="1.00200000000000e+002"/>
		<Scale value="1.00200000000000e+002"/>
	</DataField>
	<DataField name="Bed Pressure" optype="predictor">
		<Mean value="1.86500000000000e+002"/>
		<Std value="4.94000000000000e+001"/>
		<Scale value="4.94000000000000e+001"/>
	</DataField>
</DataDictionary>

<PCA scaling="UnitStandardDeviations" numberOfVariables="8" numberOfComponents="3">
	<TS controllimit="9.90000000000000e-001" controlline="1.23394559180913e+001" warning="0"/>
	<SPE controllimit="9.90000000000000e-001" controlline="8.87451302691402e+000" warning="0"/>
	<Components>
		<Component>
			<Score type="0" std="1.85380790093772e+000" df="99" controllimit="3.00000000000000e+000" uppercontrol="5.56142370281317e+000" lowercontrol="-5.56142370281317e+000" warning="0"/>
			<Loadings>
				<Loading value="-2.37875721894304e-001"/>
				<Loading value="2.77478408863632e-001"/>
				<Loading value="-9.75696381475332e-002"/>
				<Loading value="-4.95958157631533e-001"/>
				<Loading value="3.90778846581823e-001"/>
				<Loading value="-5.17493969194011e-001"/>
				<Loading value="1.55714533287978e-001"/>
				<Loading value="-4.07641281242690e-001"/>
			</Loadings>
		</Component>
		<Component>
			<Score type="0" std="1.31413047587377e+000" df="99" controllimit="3.00000000000000e+000" uppercontrol="3.94239142762132e+000" lowercontrol="-3.94239142762132e+000" warning="0"/>
			<Loadings>
				<Loading value="4.31365526992490e-002"/>
				<Loading value="2.64981017608471e-001"/>
				<Loading value="3.57284805294060e-001"/>
				<Loading value="1.36244392528152e-001"/>
				<Loading value="3.71407290264776e-001"/>
				<Loading value="9.75636131654565e-002"/>
				<Loading value="6.89051695714051e-001"/>
				<Loading value="3.99318241878445e-001"/>
			</Loadings>
		</Component>
		<Component>
			<Score type="0" std="1.03991322801214e+000" df="99" controllimit="3.00000000000000e+000" uppercontrol="3.11973968403643e+000" lowercontrol="-3.11973968403644e+000" warning="0"/>
			<Loadings>
				<Loading value="1.42666630560433e-001"/>
				<Loading value="-2.12007550519099e-001"/>
				<Loading value="7.96847421979853e-001"/>
				<Loading value="-2.48177600487734e-001"/>
				<Loading value="-3.83672630894783e-001"/>
				<Loading value="-1.73932722472582e-001"/>
				<Loading value="7.57622796555779e-002"/>
				<Loading value="-2.34401137123048e-001"/>
			</Loadings>
		</Component>
	</Components>
</PCA>
</PMML>
